source_sheet,fund_type,source_row,branch_text,row_values
N. FUND,NATIONAL,2,Region / Branch,Region / Branch
N. FUND,NATIONAL,3,Zone,Greater Accra | Zone | JAN | FEB | MAR | APRIL | MAY | JUNE | JULY | AUG | SEPT | OCT | NOV | DEC | GHc
N. FUND,NATIONAL,4,zone 1,1 | Accra Newtown | zone 1 | 119 | 200 | 400 | 160 | 200 | 200 | 225 | 200 | 400 | 345 | 2449 | 2449.0
N. FUND,NATIONAL,5,Kasoa | zone 1,2 | Kasoa | zone 1 | 200 | 200 | 300 | 320 | 199 | 149 | 173 | 200 | 149 | 120 | 2010 | 2010.0
N. FUND,NATIONAL,6,zone 1,3 | Sapeiman | zone 1 | 30 | 50 | 49 | 50 | 99 | 49 | 99 | 178 | 70 | 99 | 119 | 892 | 892.0
N. FUND,NATIONAL,7,zone 1,4 | Oshuiman | zone 1 | 41 | 50 | 49 | 49 | 49 | 40 | 49 | 59 | 49 | 49 | 50 | 39 | 573 | 573.0
N. FUND,NATIONAL,8,Taifa | zone 1,5 | Taifa | zone 1 | 70 | 92 | 82 | 107 | 106 | 119 | 48 | 624 | 624.0
N. FUND,NATIONAL,9,Nyanyano | zone 1,6 | Nyanyano | zone 1 | 30 | 30 | 20 | 30 | 30 | 30 | 30 | 50 | 40 | 40 | 41 | 40 | 411 | 411.0
N. FUND,NATIONAL,10,Teshie | zone2,7 | Teshie | zone2 | 20 | 60 | 30 | 69 | 50 | 80 | 100 | 100 | 509 | 509.0
N. FUND,NATIONAL,11,zone 2,8 | Madina | zone 2 | 40 | 30 | 218 | 112 | 288 | 129 | 149 | 199 | 299 | 154 | 143 | 206 | 1967 | 1967.0
N. FUND,NATIONAL,12,zone 2,9 | Prampram | zone 2 | 0
N. FUND,NATIONAL,13,zone 2,10 | Mampong | zone 2 | 125 | 125 | 125.0
N. FUND,NATIONAL,14,Ashaiman | zone 2,11 | Ashaiman | zone 2 | 11 | 15 | 15 | 35 | 146 | 56 | 49 | 15 | 21 | 34 | 397 | 397.0
N. FUND,NATIONAL,15,zone 2,12 | Larteh | zone 2 | 0
N. FUND,NATIONAL,16,Odorkor | zone 2,13 | Odorkor | zone 2 | 40 | 50 | 79 | 59 | 79 | 79 | 277 | 99 | 100 | 99 | 299 | 99 | 1359 | 1359.0
N. FUND,NATIONAL,17,zone 2,14 | Achimota | zone 2 | 141 | 150 | 90 | 79 | 70 | 59 | 79 | 115 | 110 | 149 | 79 | 89 | 1210 | 1210.0
N. FUND,NATIONAL,21,Nyenkyerenease,17 | Nyenkyerenease | 59 | 49 | 60 | 50 | 79 | 297 | 297.0
N. FUND,NATIONAL,22,Konongo,18 | Konongo | 19 | 20 | 14 | 30 | 10 | 15 | 15 | 15 | 15 | 30 | 183 | 183.0
N. FUND,NATIONAL,23,Sunyani,19 | Sunyani | 0
N. FUND,NATIONAL,31,Coaltar | zone A,26 | Coaltar | zone A | 94 | 60 | 100 | 99 | 94 | 192 | 93 | 84 | 63 | 154 | 111 | 1144 | 1144.0
N. FUND,NATIONAL,32,Zone A,27 | Tumfa | Zone A | 12 | 40 | 18 | 20 | 20 | 99 | 37 | 101 | 60 | 407 | 407.0
N. FUND,NATIONAL,33,zone A,28 | Otoase | zone A | 50 | 67 | 39 | 69 | 49 | 137 | 129 | 119 | 74 | 99 | 139 | 971 | 971.0
N. FUND,NATIONAL,34,zone A,29 | Nsawam | zone A | 41 | 50 | 79 | 50 | 98 | 78 | 98 | 78 | 78 | 70 | 98 | 818 | 818.0
N. FUND,NATIONAL,35,zone A,30 | Suhum | zone A | 50 | 59 | 99 | 108 | 49 | 59 | 60 | 50 | 534 | 534.0
N. FUND,NATIONAL,36,zone A,31 | Asamankese | zone A | 0
N. FUND,NATIONAL,37,zone A,32 | Marfo | zone A | 50 | 50 | 59 | 99 | 46 | 418 | 100 | 200 | 1022 | 1022.0
N. FUND,NATIONAL,38,zone A,33 | Amfaso | zone A | 20 | 15 | 24 | 15 | 29 | 30 | 50 | 20 | 30 | 233 | 233.0
N. FUND,NATIONAL,39,Zone A,34 | Adeiso | Zone A | 30 | 30 | 30 | 40 | 59 | 49 | 50 | 61 | 59 | 59 | 467 | 467.0
N. FUND,NATIONAL,40,Koforidua | zone A,35 | Koforidua | zone A | 137 | 186 | 106 | 253 | 109 | 99 | 110 | 118 | 188 | 100 | 190 | 1596 | 1596.0
N. FUND,NATIONAL,41,zone A,36 | Effiduase | zone A | 44 | 42.5 | 173 | 74 | 92 | 105 | 327 | 150 | 139 | 210 | 1356.5 | 1356.0
N. FUND,NATIONAL,42,zone A,37 | Owuram | zone A | 0
N. FUND,NATIONAL,43,zone A,38 | Amanase | zone A | 45 | 122 | 15 | 21 | 42 | 50 | 39 | 92 | 105 | 129 | 80 | 89 | 829 | 829.0
N. FUND,NATIONAL,44,zone B,39 | Gyamase | zone B | 38 | 17 | 57 | 30 | 34 | 57 | 35 | 20 | 26 | 25 | 339 | 339.0
N. FUND,NATIONAL,45,zone B,40 | Ayirebi | zone B | 20 | 34 | 20 | 30 | 35 | 25 | 44 | 30 | 60 | 30 | 328 | 328.0
N. FUND,NATIONAL,46,zone B,41 | Anamase | zone B | 30 | 29 | 30 | 50 | 49 | 188 | 188.0
N. FUND,NATIONAL,47,zone B,42 | Anyinase | zone B | 20 | 70 | 40 | 139 | 50 | 79 | 398 | 398.0
N. FUND,NATIONAL,48,zone B,43 | Akwasiho | zone B | 100 | 230 | 148 | 478 | 478.0
N. FUND,NATIONAL,49,Nkawkaw | zone B,44 | Nkawkaw | zone B | 99 | 116 | 100 | 120 | 99 | 173 | 159 | 178 | 154 | 119 | 119 | 1436 | 1436.0
N. FUND,NATIONAL,50,zone B,45 | Akim Oda | zone B | 30 | 20 | 24 | 150 | 100 | 324 | 324.0
N. FUND,NATIONAL,58,Takoradi,51 | Takoradi | 102+95 | 195 | 191 | 119 | 100 | 100 | 100 | 198 | 99 | 119 | 99 | 1320 | 1320.0
N. FUND,NATIONAL,61,Sowutuom- H/Q,54 | Sowutuom- H/Q | 2041 | 2440 | 1624 | 1782 | 2109 | 2016 | 2736 | 2046 | 2325 | 2062 | 2230 | 2055 | 25466 | 25466.0
N. FUND,NATIONAL,63,GT. Accra zone 1,GT. Accra zone 1 | 200 | 200 | 300 | 300 | 350 | 1350 | 1350.0
N. FUND,NATIONAL,64,GT. Accra zone 2,GT. Accra zone 2 | 0
N. FUND,NATIONAL,65,Eastern-Coaltar D.,Eastern-Coaltar D. | 297 | 594 | 104 | 995 | 995.0
N. FUND,NATIONAL,66,Nkawkaw Dist.,Nkawkaw Dist. | 1000 | 990 | 1990 | 1990.0
N. FUND,NATIONAL,83,Region / Branch,Region / Branch
N. FUND,NATIONAL,84,Zone,Greater Accra | Zone | JAN | FEB | MAR | APRIL | MAY | JUNE | JULY | AUG | SEPT | OCT | NOV | DEC | GHc | 2023.0
N. FUND,NATIONAL,85,zone 1,1 | Accra Newtown | zone 1 | 445 | 400 | 260 | 240 | 505 | 300 | 225 | 223 | 244 | 257 | 300 | 384 | 3783 | 3783.0 | 2144.0
N. FUND,NATIONAL,86,Kasoa | zone 1,2 | Kasoa | zone 1 | 109 | 100 | 200 | 395 | 200 | 100 | 120 | 303 | 190 | 175 | 1892 | 1892.0 | 1579.0
N. FUND,NATIONAL,87,zone 1,3 | Sapeiman | zone 1 | 148 | 160 | 79 | 158 | 178 | 150 | 79 | 150 | 99 | 1201 | 1201.0 | 85.0
N. FUND,NATIONAL,88,zone 1,4 | Oshuiman | zone 1 | 49 | 49 | 49 | 49 | 49 | 49 | 49 | 49 | 49 | 40 | 54 | 49 | 584 | 584.0 | 285.0
N. FUND,NATIONAL,89,Taifa | zone 1,5 | Taifa | zone 1 | 60 | 99 | 170 | 100 | 115 | 131 | 120 | 110 | 150 | 150 | 149 | 1354 | 1354.0 | 50.0
N. FUND,NATIONAL,90,Nyanyano | zone 1,6 | Nyanyano | zone 1 | 90 | 109 | 49 | 49 | 297 | 297.0 | 30.5
N. FUND,NATIONAL,91,Teshie | zone2,7 | Teshie | zone2 | 120 | 70 | 55 | 150 | 105 | 100 | 100 | 125 | 825 | 825.0 | 15.0
N. FUND,NATIONAL,92,zone 2,8 | Madina | zone 2 | 550 | 343 | 246 | 370 | 333 | 290 | 200 | 320 | 303 | 442 | 415 | 385 | 4197 | 4197.0 | 570.0
N. FUND,NATIONAL,93,zone 2,9 | Buduburam | zone 2 | 100 | 100 | 106 | 74 | 50 | 74 | 74 | 44 | 54 | 676 | 676.0
N. FUND,NATIONAL,94,zone 2,10 | Mampong | zone 2 | 44 | 54 | 98 | 98.0 | 120.0
N. FUND,NATIONAL,95,Ashaiman | zone 2,11 | Ashaiman | zone 2 | 55 | 40 | 41 | 40 | 39 | 59 | 49 | 54 | 40 | 96 | 94 | 607 | 607.0 | 203.0
N. FUND,NATIONAL,96,zone 2,12 | Larteh | zone 2 | 0 | 0.0 | 0.0
N. FUND,NATIONAL,97,Odorkor | zone 2,13 | Odorkor | zone 2 | 99 | 99 | 99 | 99 | 99 | 84 | 99 | 84 | 275 | 89 | 79 | 99 | 1304 | 1304.0 | 670.0
N. FUND,NATIONAL,98,zone 2,14 | Achimota | zone 2 | 119 | 283 | 205 | 233 | 157 | 239 | 150 | 248 | 185 | 327 | 210 | 198 | 2554 | 2554.0 | 975.0
N. FUND,NATIONAL,102,Nyenkyerenease,17 | Nyenkyerenease | 49 | 50 | 50 | 49 | 50 | 50 | 20 | 76 | 25 | 419 | 419.0 | 50.0
N. FUND,NATIONAL,103,Konongo,18 | Konongo | 30 | 30 | 20 | 50 | 19 | 20 | 25 | 20 | 214 | 214.0 | 0.0
N. FUND,NATIONAL,104,Sunyani,19 | Sunyani | 0
N. FUND,NATIONAL,112,Coaltar | zone A,26 | Coaltar | zone A | 135 | 213 | 210 | 326 | 175 | 138 | 120 | 130 | 235 | 189 | 160 | 200 | 2231 | 2231.0 | 550.0
N. FUND,NATIONAL,113,Zone A,27 | Tumfa | Zone A | 30 | 35 | 46 | 20 | 30 | 35 | 30 | 22 | 30 | 20 | 298 | 298.0 | 99.0
N. FUND,NATIONAL,114,zone A,28 | Otoase | zone A | 79 | 109 | 104 | 50 | 59 | 69 | 99 | 99 | 40 | 99 | 114 | 921 | 921.0 | 272.0
N. FUND,NATIONAL,115,zone A,29 | Nsawam | zone A | 98 | 98 | 112 | 98 | 88 | 42 | 94 | 50 | 90 | 60 | 75 | 49 | 954 | 954.0 | 203.0
N. FUND,NATIONAL,116,zone A,30 | Suhum | zone A | 100 | 100 | 99 | 90 | 389 | 389.0 | 0.0
N. FUND,NATIONAL,117,zone A,31 | Asamankese | zone A | 0 | 0.0
N. FUND,NATIONAL,118,zone A,32 | Marfo | zone A | 150 | 76 | 109 | 139 | 104 | 128 | 213 | 203 | 1122 | 1122.0 | 110.0
N. FUND,NATIONAL,119,zone A,33 | Amfaso | zone A | 74 | 30 | 30 | 49 | 50 | 40 | 20 | 293 | 293.0 | 100.0
N. FUND,NATIONAL,120,Zone A,34 | Adeiso | Zone A | 50 | 60 | 60 | 99 | 39 | 39 | 347 | 347.0 | 90.0
N. FUND,NATIONAL,121,Koforidua | zone A,35 | Koforidua | zone A | 125 | 104 | 105 | 120 | 107 | 105 | 115 | 331 | 100 | 115 | 100 | 102 | 1529 | 1529.0 | 1853.0
N. FUND,NATIONAL,122,zone A,36 | Effiduase | zone A | 170 | 185 | 164 | 108 | 123 | 129 | 100 | 130 | 105 | 1214 | 1214.0 | 677.0
N. FUND,NATIONAL,123,zone A,37 | Owuram | zone A | 0 | 0.0
N. FUND,NATIONAL,124,zone A,38 | Amanase | zone A | 99 | 73 | 75 | 166 | 105 | 100 | 70 | 80 | 100 | 868 | 868.0 | 30.0
N. FUND,NATIONAL,125,zone B,39 | Gyamase | zone B | 30 | 20 | 25 | 30 | 30 | 34 | 25 | 20 | 80 | 20 | 314 | 314.0 | 257.0
N. FUND,NATIONAL,126,zone B,40 | Ayirebi | zone B | 0 | 0.0 | 248.0
N. FUND,NATIONAL,127,zone B,41 | Anamase | zone B | 0 | 0.0 | 82.0
N. FUND,NATIONAL,128,zone B,42 | Anyinase | zone B | 49 | 100 | 50 | 45 | 60 | 50 | 70 | 70 | 100 | 594 | 594.0 | 35.0
N. FUND,NATIONAL,129,zone B,43 | Akwasiho | zone B | 99 | 101 | 119 | 120 | 130 | 100 | 150 | 150 | 120 | 149 | 149 | 1387 | 1387.0 | 316.0
N. FUND,NATIONAL,130,Nkawkaw | zone B,44 | Nkawkaw | zone B | 148 | 148 | 129 | 148 | 158 | 138 | 150 | 262 | 150 | 150 | 173 | 1754 | 1754.0 | 1276.0
N. FUND,NATIONAL,131,zone B,45 | Akim Oda | zone B | 59 | 200 | 49 | 99 | 50 | 149 | 99 | 230 | 99 | 298 | 1332 | 1332.0 | 0.0
N. FUND,NATIONAL,139,Takoradi,51 | Takoradi | 313 | 275 | 289 | 109 | 243 | 385 | 972 | 407 | 605 | 80 | 110 | 221 | 4009 | 4009.0 | 1670.0
N. FUND,NATIONAL,142,Sowutuom- H/Q,54 | Sowutuom- H/Q | 2393 | 2251 | 2288.9 | 2320 | 1938 | 2211 | 1789 | 2070 | 2254 | 2665 | 2388 | 1648 | 26215.9 | 26215.0 | 23621.0
N. FUND,NATIONAL,144,GT. Accra zone 1,GT. Accra zone 1 | 205 | 350 | 300 | 300 | 400 | 900 | 1000 | 3455 | 3455.0 | 1800.0
N. FUND,NATIONAL,145,GT. Accra zone 2,GT. Accra zone 2 | 200 | 200 | 200.0 | 1500.0
N. FUND,NATIONAL,146,Eastern-Coaltar D.,Eastern-Coaltar D. | 302 | 300 | 300 | 300 | 300 | 1502 | 1502.0 | 0.0
N. FUND,NATIONAL,147,Nkawkaw Dist.,Nkawkaw Dist. | 1000 | 990 | 1000 | 1000 | 3990 | 3990.0 | 0.0
N. FUND,NATIONAL,165,Region / Branch,Region / Branch
N. FUND,NATIONAL,166,Zone,Greater Accra | Zone | JAN | FEB | MAR | APRIL | MAY | JUNE | JULY | AUG | SEPT | OCT | NOV | DEC | GHc
N. FUND,NATIONAL,167,zone 1,1 | Accra Newtown | zone 1 | 302 | 350 | 332 | 300 | 1284
N. FUND,NATIONAL,168,Kasoa | zone 1,2 | Kasoa | zone 1 | 215 | 110 | 150 | 260 | 735
N. FUND,NATIONAL,169,zone 1,3 | Sapeiman | zone 1 | 149 | 149 | 70 | 99 | 99 | 99 | 665
N. FUND,NATIONAL,170,zone 1,4 | Oshuiman | zone 1 | 59 | 49 | 49 | 59 | 59 | 49 | 324
N. FUND,NATIONAL,171,Taifa | zone 1,5 | Taifa | zone 1 | 170 | 180 | 190 | 120 | 660
N. FUND,NATIONAL,172,Nyanyano | zone 1,6 | Nyanyano | zone 1 | 30 | 48 | 78
N. FUND,NATIONAL,173,Teshie | zone2,7 | Teshie | zone2 | 100 | 150 | 200 | 450
N. FUND,NATIONAL,174,zone 2,8 | Madina | zone 2 | 334 | 265 | 267 | 398 | 396 | 198 | 257 | 2115
N. FUND,NATIONAL,175,zone 2,9 | Buduburam | zone 2 | 79 | 79
N. FUND,NATIONAL,176,zone 2,10 | Mampong | zone 2 | 0
N. FUND,NATIONAL,177,Ashaiman | zone 2,11 | Ashaiman | zone 2 | 54 | 35 | 30 | 34 | 39 | 44 | 236
N. FUND,NATIONAL,178,zone 2,12 | Larteh | zone 2 | 0
N. FUND,NATIONAL,179,Odorkor | zone 2,13 | Odorkor | zone 2 | 119 | 109 | 90 | 99 | 119 | 118 | 654
N. FUND,NATIONAL,180,zone 2,14 | Achimota | zone 2 | 297 | 575 | 260 | 305 | 255 | 270 | 1962
N. FUND,NATIONAL,184,Nyenkyerenease,17 | Nyenkyerenease | 50 | 100 | 51 | 30 | 35 | 54 | 50 | 370
N. FUND,NATIONAL,185,Konongo,18 | Konongo | 30 | 15 | 34 | 79
N. FUND,NATIONAL,186,Sunyani,19 | Sunyani | 0
N. FUND,NATIONAL,194,Coaltar | zone A,26 | Coaltar | zone A | 200 | 100 | 208 | 120 | 199 | 238 | 1065
N. FUND,NATIONAL,195,Zone A,27 | Tumfa | Zone A | 85 | 110 | 195
N. FUND,NATIONAL,196,zone A,28 | Otoase | zone A | 109 | 99 | 99 | 99 | 149 | 120 | 675
N. FUND,NATIONAL,197,zone A,29 | Nsawam | zone A | 70 | 65 | 60 | 80 | 84 | 100 | 459
N. FUND,NATIONAL,198,zone A,30 | Suhum | zone A | 99 | 297 | 100 | 496
N. FUND,NATIONAL,199,zone A,31 | Asamankese | zone A | 0
N. FUND,NATIONAL,200,zone A,32 | Marfo | zone A | 100 | 91 | 92 | 110 | 80 | 114 | 587
N. FUND,NATIONAL,201,zone A,33 | Amfaso | zone A | 0
N. FUND,NATIONAL,202,Zone A,34 | Adeiso | Zone A | 70 | 60 | 40 | 170
N. FUND,NATIONAL,203,Koforidua | zone A,35 | Koforidua | zone A | 122 | 110 | 112 | 169 | 105 | 155 | 107 | 880
N. FUND,NATIONAL,204,zone A,36 | Effiduase | zone A | 150 | 110 | 150 | 154 | 564
N. FUND,NATIONAL,205,zone A,37 | Owuram | zone A | 0
N. FUND,NATIONAL,206,zone A,38 | Amanase | zone A | 163 | 60 | 70 | 80 | 90 | 99 | 60 | 622
N. FUND,NATIONAL,207,zone B,39 | Gyamase | zone B | 30 | 44 | 30 | 25 | 129
N. FUND,NATIONAL,208,zone B,40 | Ayirebi | zone B | 30 | 30
N. FUND,NATIONAL,209,zone B,41 | Anamase | zone B | 0
N. FUND,NATIONAL,210,zone B,42 | Anyinase | zone B | 200 | 200
N. FUND,NATIONAL,211,zone B,43 | Akwasiho | zone B | 200 | 200 | 200 | 200 | 150 | 100 | 1050
N. FUND,NATIONAL,212,Nkawkaw | zone B,44 | Nkawkaw | zone B | 188 | 198 | 150 | 141 | 169 | 149 | 139 | 1134
N. FUND,NATIONAL,213,zone B,45 | Akim Oda | zone B | 200 | 199 | 149 | 199 | 99 | 846
N. FUND,NATIONAL,221,Takoradi,51 | Takoradi | 746 | 204 | 287 | 1237
N. FUND,NATIONAL,224,Sowutuom- H/Q,54 | Sowutuom- H/Q | 2892 | 2599 | 2380 | 2378 | 3320 | 2930 | 2685 | 19184
N. FUND,NATIONAL,226,GT. Accra zone 1,GT. Accra zone 1 | 300 | 300
N. FUND,NATIONAL,227,GT. Accra zone 2,GT. Accra zone 2 | 1000 | 1000
N. FUND,NATIONAL,228,Eastern-Coaltar D.,Eastern-Coaltar D. | 0
N. FUND,NATIONAL,229,Nkawkaw Dist.,Nkawkaw Dist. | 300 | 1000 | 1300
EV. FUND,EVANGELICAL,2,Region / Branch | Region / Branch | Region / Branch | Region / Branch | Region / Branch | Region / Branch | Region / Branch | Region / Branch | Region / Branch | Region / Branch | Region / Branch | Region / Branch,Region / Branch | JANUARY | Region / Branch | FEBRUARY | Region / Branch | MARCH | Region / Branch | APRIL | Region / Branch | MAY | Region / Branch | JUNE | Region / Branch | JULY | Region / Branch | AUGUST | Region / Branch | SEPTEMBER | Region / Branch | OCTOBER | Region / Branch | NOVEMBER | Region / Branch | DECEMBER
EV. FUND,EVANGELICAL,3,Zone | Zone | Zone | Zone | Zone | Zone | Zone | Zone | Zone | Zone | Zone | Zone,Greater Accra | Zone | 7TH | 14TH | 21ST | 28TH | T | Greater Accra | Zone | 4TH | 11TH | 18TH | 25TH | T | Greater Accra | Zone | 3RD | 10TH | 17TH | 24TH | 31ST | T | Greater Accra | Zone | 2004-03-31 00:00:00 | 7TH | 14TH | 21ST | 28TH | T | Greater Accra | Zone | 5TH | 12TH | 19 | 26TH | T | Greater Accra | Zone | 2ND | 9TH | 16TH | 23TH | T | Greater Accra | Zone | 30TH | 7TH | 14TH | 21ST | 28TH | T | Greater Accra | Zone | 4TH | 11TH | 18TH | 25TH | T | Greater Accra | Zone | 1ST | 8TH | 15TH | 22ND | 29TH | T | Greater Accra | Zone | 6TH | 13TH | 20TH | 27TH | T | Greater Accra | Zone | 3RD | 10TH | 17TH | 24TH | 30TH | T | Greater Accra | Zone | 1ST | 8TH | 15TH | 22 | 29 | T
EV. FUND,EVANGELICAL,4,zone 1 | zone 1 | zone 1 | zone 1 | zone 1 | zone 1 | zone 1 | zone 1 | zone 1 | zone 1 | zone 1 | zone 1,1 | Accra Newtown | zone 1 | 120 | 120 | 1.0 | Accra Newtown | zone 1 | 140 | 140 | 1.0 | Accra Newtown | zone 1 | 50 | 50 | 1.0 | Accra Newtown | zone 1 | 80 | 80 | Accra Newtown | zone 1 | 80 | 80 | 160 | Accra Newtown | zone 1 | 100 | 80 | 73 | 253 | Accra Newtown | zone 1 | 70 | 95 | 50 | 215 | Accra Newtown | zone 1 | 80 | 80 | Accra Newtown | zone 1 | 110 | 95 | 205 | Accra Newtown | zone 1 | 100 | 100 | Accra Newtown | zone 1 | 100 | 100 | Accra Newtown | zone 1 | 110 | 110 | 220
EV. FUND,EVANGELICAL,5,Kasoa | zone 1 | Kasoa | zone 1 | Kasoa | zone 1 | Kasoa | zone 1 | Kasoa | zone 1 | Kasoa | zone 1 | Kasoa | zone 1 | Kasoa | zone 1 | Kasoa | zone 1 | Kasoa | zone 1 | Kasoa | zone 1 | Kasoa | zone 1,2 | Kasoa | zone 1 | 0 | 2.0 | Kasoa | zone 1 | 150 | 150 | 2.0 | Kasoa | zone 1 | 144 | 100 | 244 | 2.0 | Kasoa | zone 1 | 0 | Kasoa | zone 1 | 150 | 150 | Kasoa | zone 1 | 100 | 170 | 270 | Kasoa | zone 1 | 81 | 81 | Kasoa | zone 1 | 45 | 45 | 44 | 44 | 178 | Kasoa | zone 1 | 95 | 90 | 92 | 277 | Kasoa | zone 1 | 40 | 40 | Kasoa | zone 1 | 40 | 40 | Kasoa | zone 1 | 0
EV. FUND,EVANGELICAL,6,zone 1 | zone 1 | zone 1 | zone 1 | zone 1 | zone 1 | zone 1 | zone 1 | zone 1 | zone 1 | zone 1 | zone 1,3 | Sapeiman | zone 1 | 19.5 | 20 | 39.5 | 3.0 | Sapeiman | zone 1 | 30 | 30 | 3.0 | Sapeiman | zone 1 | 20 | 30 | 50 | 3.0 | Sapeiman | zone 1 | 29 | 29 | 58 | Sapeiman | zone 1 | 20 | 24 | 30 | 74 | Sapeiman | zone 1 | 25 | 20 | 45 | Sapeiman | zone 1 | 0 | Sapeiman | zone 1 | 20 | 20 | Sapeiman | zone 1 | 39 | 39 | Sapeiman | zone 1 | 0 | Sapeiman | zone 1 | 50 | 39 | 89 | Sapeiman | zone 1 | 0
EV. FUND,EVANGELICAL,7,zone 1 | zone 1 | zone 1 | zone 1 | zone 1 | zone 1 | zone 1 | zone 1 | zone 1 | zone 1 | zone 1 | zone 1,4 | Oshuiman | zone 1 | 19.7 | 19.7 | 4.0 | Oshuiman | zone 1 | 29 | 29 | 4.0 | Oshuiman | zone 1 | 24.5 | 24.5 | 4.0 | Oshuiman | zone 1 | 29 | 29 | 58 | Oshuiman | zone 1 | 39 | 39 | Oshuiman | zone 1 | 29 | 29 | Oshuiman | zone 1 | 29 | 29 | Oshuiman | zone 1 | 29 | 29 | Oshuiman | zone 1 | 29 | 34 | 29 | 92 | Oshuiman | zone 1 | 29 | 29 | Oshuiman | zone 1 | 30 | 30 | Oshuiman | zone 1 | 39 | 39
EV. FUND,EVANGELICAL,8,Taifa | zone 1 | Taifa | zone 1 | Taifa | zone 1 | Taifa | zone 1 | Taifa | zone 1 | Taifa | zone 1 | Taifa | zone 1 | Taifa | zone 1 | Taifa | zone 1 | Taifa | zone 1 | Taifa | zone 1 | Taifa | zone 1,5 | Taifa | zone 1 | 20 | 17 | 37 | 5.0 | Taifa | zone 1 | 20 | 20 | 5.0 | Taifa | zone 1 | 20 | 30 | 50 | 5.0 | Taifa | zone 1 | 20 | 42 | 62 | Taifa | zone 1 | 54 | 25 | 79 | Taifa | zone 1 | 10 | 30 | 40 | Taifa | zone 1 | 20 | 20 | Taifa | zone 1 | 22 | 31 | 53 | Taifa | zone 1 | 40 | 27 | 30 | 97 | Taifa | zone 1 | 34 | 30 | 64 | Taifa | zone 1 | 21 | 21 | Taifa | zone 1 | 30 | 30
EV. FUND,EVANGELICAL,9,Nyanyano | zone 1 | Nyanyano | zone 1 | Nyanyano | zone 1 | Nyanyano | zone 1 | Nyanyano | zone 1 | Nyanyano | zone 1 | Nyanyano | zone 1 | Nyanyano | zone 1 | Nyanyano | zone 1 | Nyanyano | zone 1 | Nyanyano | zone 1 | Nyanyano | zone 1,6 | Nyanyano | zone 1 | 20 | 20 | 40 | 6.0 | Nyanyano | zone 1 | 20 | 20 | 40 | 6.0 | Nyanyano | zone 1 | 10 | 10 | 6.0 | Nyanyano | zone 1 | 20 | 20 | 20 | 60 | Nyanyano | zone 1 | 20 | 20 | 40 | Nyanyano | zone 1 | 20 | 20 | 20 | 60 | Nyanyano | zone 1 | 20 | 20 | Nyanyano | zone 1 | 0 | Nyanyano | zone 1 | 20 | 25 | 20 | 65 | Nyanyano | zone 1 | 20 | 20 | Nyanyano | zone 1 | 20 | 20 | Nyanyano | zone 1 | 20 | 20
EV. FUND,EVANGELICAL,10,Teshie | zone2 | Teshie | zone2 | Teshie | zone2 | Teshie | zone2 | Teshie | zone2 | Teshie | zone2 | Teshie | zone2 | Teshie | zone2 | Teshie | zone2 | Teshie | zone2 | Teshie | zone2 | Teshie | zone2,7 | Teshie | zone2 | 0 | 7.0 | Teshie | zone2 | 20.3 | 20.3 | 7.0 | Teshie | zone2 | 35 | 10 | 45 | 7.0 | Teshie | zone2 | 10 | 15 | 25 | Teshie | zone2 | 10 | 29 | 39 | Teshie | zone2 | 20 | 10 | 30 | Teshie | zone2 | 25 | 25 | Teshie | zone2 | 19 | 19 | Teshie | zone2 | 30 | 20 | 50 | Teshie | zone2 | 30 | 30 | Teshie | zone2 | 20 | 20 | Teshie | zone2 | 30 | 30
EV. FUND,EVANGELICAL,11,zone 2 | zone 2 | zone 2 | zone 2 | zone 2 | zone 2 | zone 2 | zone 2 | zone 2 | zone 2 | zone 2 | zone 2,8 | Madina | zone 2 | 54 | 25 | 26.7 | 105.7 | 8.0 | Madina | zone 2 | 30 | 25.7 | 55.7 | 8.0 | Madina | zone 2 | 56 | 30 | 40 | 126 | 8.0 | Madina | zone 2 | 31 | 28 | 29 | 88 | Madina | zone 2 | 34 | 34 | 68 | Madina | zone 2 | 54 | 26 | 30 | 110 | Madina | zone 2 | 20 | 29 | 49 | Madina | zone 2 | 27 | 31 | 58 | Madina | zone 2 | 35 | 30 | 37 | 102 | Madina | zone 2 | 20 | 22 | 42 | Madina | zone 2 | 30 | 30 | Madina | zone 2 | 39 | 25 | 39 | 103
EV. FUND,EVANGELICAL,12,zone 2 | zone 2 | zone 2 | zone 2 | zone 2 | zone 2 | zone 2 | zone 2 | zone 2 | zone 2 | zone 2 | zone 2,9 | Prampram | zone 2 | 0 | 9.0 | Prampram | zone 2 | 0 | 9.0 | Prampram | zone 2 | 0 | 9.0 | Prampram | zone 2 | 0 | Prampram | zone 2 | 0 | Prampram | zone 2 | 0 | Prampram | zone 2 | 0 | Prampram | zone 2 | 0 | Prampram | zone 2 | 0 | Prampram | zone 2 | 0 | Prampram | zone 2 | 0 | Prampram | zone 2 | 0
EV. FUND,EVANGELICAL,13,zone 2 | zone 2 | zone 2 | zone 2 | zone 2 | zone 2 | zone 2 | zone 2 | zone 2 | zone 2 | zone 2 | zone 2,10 | Mampong | zone 2 | 0 | 10.0 | Mampong | zone 2 | 0 | 10.0 | Mampong | zone 2 | 0 | 10.0 | Mampong | zone 2 | 0 | Mampong | zone 2 | 30 | 30 | Mampong | zone 2 | 0 | Mampong | zone 2 | 0 | Mampong | zone 2 | 0 | Mampong | zone 2 | 0 | Mampong | zone 2 | 0 | Mampong | zone 2 | 0 | Mampong | zone 2 | 0
EV. FUND,EVANGELICAL,14,Ashaiman | zone 2 | Ashaiman | zone 2 | Ashaiman | zone 2 | Ashaiman | zone 2 | Ashaiman | zone 2 | Ashaiman | zone 2 | Ashaiman | zone 2 | Ashaiman | zone 2 | Ashaiman | zone 2 | Ashaiman | zone 2 | Ashaiman | zone 2 | Ashaiman | zone 2,11 | Ashaiman | zone 2 | 15 | 13 | 15 | 43 | 11.0 | Ashaiman | zone 2 | 15 | 10 | 9 | 34 | 11.0 | Ashaiman | zone 2 | 10 | 5 | 15 | 11.0 | Ashaiman | zone 2 | 10 | 10 | Ashaiman | zone 2 | 20 | 10 | 30 | Ashaiman | zone 2 | 12 | 16 | 28 | Ashaiman | zone 2 | 12 | 12 | Ashaiman | zone 2 | 15 | 14 | 29 | Ashaiman | zone 2 | 39 | 26 | 17 | 7 | 89 | Ashaiman | zone 2 | 14 | 14 | Ashaiman | zone 2 | 21 | 21 | Ashaiman | zone 2 | 30 | 16 | 46
EV. FUND,EVANGELICAL,15,zone 2 | zone 2 | zone 2 | zone 2 | zone 2 | zone 2 | zone 2 | zone 2 | zone 2 | zone 2 | zone 2 | zone 2,12 | Larteh | zone 2 | 0 | 12.0 | Larteh | zone 2 | 0 | 12.0 | Larteh | zone 2 | 0 | 12.0 | Larteh | zone 2 | 0 | Larteh | zone 2 | 0 | Larteh | zone 2 | 0 | Larteh | zone 2 | 0 | Larteh | zone 2 | 0 | Larteh | zone 2 | 0 | Larteh | zone 2 | 0 | Larteh | zone 2 | 0 | Larteh | zone 2 | 0
EV. FUND,EVANGELICAL,16,Odorkor | zone 2 | Odorkor | zone 2 | Odorkor | zone 2 | Odorkor | zone 2 | Odorkor | zone 2 | Odorkor | zone 2 | Odorkor | zone 2 | Odorkor | zone 2 | Odorkor | zone 2 | Odorkor | zone 2 | Odorkor | zone 2 | Odorkor | zone 2,13 | Odorkor | zone 2 | 50 | 50 | 13.0 | Odorkor | zone 2 | 49.5 | 50 | 99.5 | 13.0 | Odorkor | zone 2 | 49 | 50 | 99 | 13.0 | Odorkor | zone 2 | 49 | 49 | Odorkor | zone 2 | 49 | 49 | 98 | Odorkor | zone 2 | 49 | 49 | 98 | Odorkor | zone 2 | 49 | 100 | 149 | Odorkor | zone 2 | 49 | 49 | 98 | Odorkor | zone 2 | 49 | 50 | 50 | 149 | Odorkor | zone 2 | 49 | 49 | Odorkor | zone 2 | 100 | 100 | Odorkor | zone 2 | 99 | 99
EV. FUND,EVANGELICAL,17,zone 2 | zone 2 | zone 2 | zone 2 | zone 2 | zone 2 | zone 2 | zone 2 | zone 2 | zone 2 | zone 2 | zone 2,14 | Achimota | zone 2 | 79 | 79 | 14.0 | Achimota | zone 2 | 94 | 94 | 14.0 | Achimota | zone 2 | 40 | 40 | 14.0 | Achimota | zone 2 | 35 | 35 | Achimota | zone 2 | 39 | 39 | Achimota | zone 2 | 78 | 78 | Achimota | zone 2 | 34 | 34 | Achimota | zone 2 | 53 | 45 | 98 | Achimota | zone 2 | 77 | 64 | 141 | Achimota | zone 2 | 49 | 49 | 98 | Achimota | zone 2 | 59 | 59 | Achimota | zone 2 | 0
EV. FUND,EVANGELICAL,22,Nyenkyerenease | Nyenkyerenease | Nyenkyerenease | Nyenkyerenease | Nyenkyerenease | Nyenkyerenease | Nyenkyerenease | Nyenkyerenease | Nyenkyerenease | Nyenkyerenease | Nyenkyerenease | Nyenkyerenease,17 | Nyenkyerenease | 20 | 20 | 40 | 17.0 | Nyenkyerenease | 0 | 17.0 | Nyenkyerenease | 0 | 17.0 | Nyenkyerenease | 48 | 48 | Nyenkyerenease | 40 | 40 | Nyenkyerenease | 50 | 50 | Nyenkyerenease | 0 | Nyenkyerenease | 0 | Nyenkyerenease | 0 | Nyenkyerenease | 0 | Nyenkyerenease | 40 | 40 | Nyenkyerenease | 0
EV. FUND,EVANGELICAL,23,Konongo | Konongo | Konongo | Konongo | Konongo | Konongo | Konongo | Konongo | Konongo | Konongo | Konongo | Konongo,18 | Konongo | 14 | 14 | 18.0 | Konongo | 29 | 29 | 18.0 | Konongo | 0 | 18.0 | Konongo | 10 | 10 | 10 | 30 | Konongo | 21 | 21 | Konongo | 10 | 10 | Konongo | 20 | 20 | Konongo | 30 | 15 | 45 | Konongo | 14 | 15 | 29 | Konongo | 25 | 15 | 40 | Konongo | 14 | 14 | 28 | Konongo | 0
EV. FUND,EVANGELICAL,24,Sunyani | Sunyani | Sunyani | Sunyani | Sunyani | Sunyani | Sunyani | Sunyani | Sunyani | Sunyani | Sunyani | Sunyani,19 | Sunyani | 0 | 19.0 | Sunyani | 0 | 19.0 | Sunyani | 0 | 19.0 | Sunyani | 0 | Sunyani | 0 | Sunyani | 0 | Sunyani | 0 | Sunyani | 0 | Sunyani | 0 | Sunyani | 0 | Sunyani | 0 | Sunyani | 0
EV. FUND,EVANGELICAL,33,Coaltar | zone A | Coaltar | zone A | Coaltar | zone A | Coaltar | zone A | Coaltar | zone A | Coaltar | zone A | Coaltar | zone A | Coaltar | zone A | Coaltar | zone A | Coaltar | zone A | Coaltar | zone A | Coaltar | zone A,26 | Coaltar | zone A | 60 | 45 | 34 | 139 | 26.0 | Coaltar | zone A | 33 | 30 | 40 | 103 | 26.0 | Coaltar | zone A | 21 | 25 | 46 | 26.0 | Coaltar | zone A | 59 | 24 | 24 | 107 | Coaltar | zone A | 25 | 25 | Coaltar | zone A | 54 | 54 | Coaltar | zone A | 29 | 37 | 39 | 105 | Coaltar | zone A | 41 | 32 | 29 | 102 | Coaltar | zone A | 40 | 26 | 49 | 40 | 155 | Coaltar | zone A | 43 | 56 | 99 | Coaltar | zone A | 56 | 25 | 81 | Coaltar | zone A | 49 | 32 | 85 | 71 | 237
EV. FUND,EVANGELICAL,34,Zone A | Zone A | Zone A | Zone A | Zone A | Zone A | Zone A | Zone A | Zone A | Zone A | Zone A | Zone A,27 | Tumfa | Zone A | 10 | 10 | 27.0 | Tumfa | Zone A | 12.8 | 12.8 | 27.0 | Tumfa | Zone A | 28 | 28 | 27.0 | Tumfa | Zone A | 38 | 38 | Tumfa | Zone A | 26 | 10 | 9 | 45 | Tumfa | Zone A | 19 | 34 | 53 | Tumfa | Zone A | 16 | 16 | Tumfa | Zone A | 23 | 23 | Tumfa | Zone A | 32 | 32 | Tumfa | Zone A | 20 | 21 | 41 | Tumfa | Zone A | 0 | Tumfa | Zone A | 81 | 24 | 12 | 20 | 29 | 166
EV. FUND,EVANGELICAL,35,zone A | zone A | zone A | zone A | zone A | zone A | zone A | zone A | zone A | zone A | zone A | zone A,28 | Otoase | zone A | 134 | 20 | 25 | 179 | 28.0 | Otoase | zone A | 30.5 | 29.5 | 60 | 28.0 | Otoase | zone A | 20 | 20 | 40 | 28.0 | Otoase | zone A | 24 | 29 | 53 | Otoase | zone A | 25 | 29 | 54 | Otoase | zone A | 20 | 29 | 49 | Otoase | zone A | 29 | 29 | Otoase | zone A | 29 | 39 | 68 | Otoase | zone A | 39 | 39 | 39 | 117 | Otoase | zone A | 59 | 49 | 59 | 167 | Otoase | zone A | 60 | 60 | Otoase | zone A | 74 | 29 | 30 | 133
EV. FUND,EVANGELICAL,36,zone A | zone A | zone A | zone A | zone A | zone A | zone A | zone A | zone A | zone A | zone A | zone A,29 | Nsawam | zone A | 30 | 30 | 29.0 | Nsawam | zone A | 25 | 29.5 | 54.5 | 29.0 | Nsawam | zone A | 0 | 29.0 | Nsawam | zone A | 30 | 20 | 20 | 25 | 95 | Nsawam | zone A | 20.5 | 20 | 40.5 | Nsawam | zone A | 29 | 24 | 53 | Nsawam | zone A | 20 | 21 | 29 | 70 | Nsawam | zone A | 33 | 29 | 62 | Nsawam | zone A | 24 | 29 | 29 | 82 | Nsawam | zone A | 24 | 24 | Nsawam | zone A | 39 | 29 | 68 | Nsawam | zone A | 24 | 34 | 29 | 87
EV. FUND,EVANGELICAL,37,zone A | zone A | zone A | zone A | zone A | zone A | zone A | zone A | zone A | zone A | zone A | zone A,30 | Suhum | zone A | 50 | 20 | 70 | 30.0 | Suhum | zone A | 20 | 20 | 30.0 | Suhum | zone A | 20 | 20 | 30.0 | Suhum | zone A | 29 | 29 | Suhum | zone A | 20 | 20 | 40 | Suhum | zone A | 20 | 20 | Suhum | zone A | 29 | 29 | 58 | Suhum | zone A | 29 | 20 | 49 | Suhum | zone A | 29 | 29 | 29 | 87 | Suhum | zone A | 59 | 59 | Suhum | zone A | 30 | 30 | Suhum | zone A | 30 | 39 | 30 | 99
EV. FUND,EVANGELICAL,38,zone A | zone A | zone A | zone A | zone A | zone A | zone A | zone A | zone A | zone A | zone A | zone A,31 | Asamankese | zone A | 0 | 31.0 | Asamankese | zone A | 0 | 31.0 | Asamankese | zone A | 0 | 31.0 | Asamankese | zone A | 0 | Asamankese | zone A | 0 | Asamankese | zone A | 0 | Asamankese | zone A | 0 | Asamankese | zone A | 0 | Asamankese | zone A | 0 | Asamankese | zone A | 0 | Asamankese | zone A | 0 | Asamankese | zone A | 0
EV. FUND,EVANGELICAL,39,zone A | zone A | zone A | zone A | zone A | zone A | zone A | zone A | zone A | zone A | zone A | zone A,32 | Marfo | zone A | 50 | 50 | 32.0 | Marfo | zone A | 29.5 | 29.5 | 32.0 | Marfo | zone A | 42 | 42 | 32.0 | Marfo | zone A | 94 | 94 | Marfo | zone A | 59 | 59 | Marfo | zone A | 0 | Marfo | zone A | 58 | 30 | 29 | 117 | Marfo | zone A | 0 | Marfo | zone A | 33 | 33 | 33 | 99 | Marfo | zone A | 0 | Marfo | zone A | 40 | 39 | 39 | 118 | Marfo | zone A | 40 | 34 | 30 | 104
EV. FUND,EVANGELICAL,40,zone A | zone A | zone A | zone A | zone A | zone A | zone A | zone A | zone A | zone A | zone A | zone A,33 | Amfaso | zone A | 35 | 15 | 50 | 33.0 | Amfaso | zone A | 15 | 15 | 10 | 34 | 74 | 33.0 | Anfaso | zone A | 10 | 10 | 33.0 | Anfaso | zone A | 24 | 11 | 35 | Anfaso | zone A | 39 | 39 | Anfaso | zone A | 29 | 15 | 44 | Anfaso | zone A | 10 | 10 | 20 | 40 | Anfaso | zone A | 10 | 14 | 24 | Anfaso | zone A | 14 | 15 | 10 | 10 | 49 | Anfaso | zone A | 15 | 15 | Anfaso | zone A | 0 | Anfaso | zone A | 30 | 30 | 60
EV. FUND,EVANGELICAL,41,Zone A | Zone A | Zone A | Zone A | Zone A | Zone A | Zone A | Zone A | Zone A | Zone A | Zone A | Zone A,34 | Adeiso | Zone A | 0 | 34.0 | Adeiso | Zone A | 30 | 20 | 50 | 34.0 | Adeiso | Zone A | 20 | 20 | 34.0 | Adeiso | Zone A | 30 | 30 | Adeiso | Zone A | 0 | Adeiso | Zone A | 0 | Adeiso | Zone A | 0 | Adeiso | Zone A | 0 | Adeiso | Zone A | 0 | Adeiso | Zone A | 39 | 39 | Adeiso | Zone A | 0 | Adeiso | Zone A | 0
EV. FUND,EVANGELICAL,42,Koforidua | zone A | Koforidua | zone A | Koforidua | zone A | Koforidua | zone A | Koforidua | zone A | Koforidua | zone A | Koforidua | zone A | Koforidua | zone A | Koforidua | zone A | Koforidua | zone A | Koforidua | zone A | Koforidua | zone A,35 | Koforidua | zone A | 316 | 70 | 69 | 112 | 567 | 35.0 | Koforidua | zone A | 105 | 50 | 50 | 205 | 35.0 | Koforidua | zone A | 55 | 72 | 127 | 35.0 | Koforidua | zone A | 128 | 47 | 67 | 30 | 40 | 312 | Koforidua | zone A | 35 | 64 | 46 | 57 | 202 | Koforidua | zone A | 74 | 94 | 60 | 42 | 270 | Koforidua | zone A | 62 | 73 | 86 | 51 | 272 | Koforidua | zone A | 62 | 75 | 57 | 194 | Koforidua | zone A | 68 | 62 | 82 | 212 | Koforidua | zone A | 61 | 86 | 93 | 240 | Koforidua | zone A | 62 | 65 | 65 | 66 | 258 | Koforidua | zone A | 60 | 71 | 64 | 76 | 271
EV. FUND,EVANGELICAL,43,zone A | zone A | zone A | zone A | zone A | zone A | zone A | zone A | zone A | zone A | zone A | zone A,36 | Effiduase | zone A | 42 | 40 | 82 | 36.0 | Effiduase | zone A | 20 | 50 | 39 | 109 | 36.0 | Effiduase | zone A | 33 | 30 | 30 | 93 | 36.0 | Effiduase | zone A | 84 | 39 | 123 | Effiduase | zone A | 50 | 42 | 92 | Effiduase | zone A | 54 | 30 | 35 | 34 | 153 | Effiduase | zone A | 52 | 50 | 78 | 180 | Effiduase | zone A | 119 | 70 | 79 | 268 | Effiduase | zone A | 59 | 49 | 49 | 157 | Effiduase | zone A | 63 | 40 | 79 | 182 | Effiduase | zone A | 109 | 75 | 70 | 254 | Effiduase | zone A | 49 | 54 | 39 | 75 | 217
EV. FUND,EVANGELICAL,44,zone A | zone A | zone A | zone A | zone A | zone A | zone A | zone A | zone A | zone A | zone A | zone A,37 | Owuram | zone A | 0 | 37.0 | Owuram | zone A | 0 | 37.0 | Owuram | zone A | 0 | 37.0 | Owuram | zone A | 0 | Owuram | zone A | 0 | Owuram | zone A | 0 | Owuram | zone A | 0 | Owuram | zone A | 0 | Owuram | zone A | 0 | Owuram | zone A | 0 | Owuram | zone A | 0 | Owuram | zone A | 0
EV. FUND,EVANGELICAL,45,zone A | zone A | zone A | zone A | zone A | zone A | zone A | zone A | zone A | zone A | zone A | zone A,38 | Amanase | zone A | 0 | 38.0 | Amanase | zone A | 0 | 38.0 | Amanase | zone A | 75 | 20 | 95 | 38.0 | Amanase | zone A | 20 | 20 | 26 | 66 | Amanase | zone A | 21 | 28 | 24 | 73 | Amanase | zone A | 18 | 19 | 37 | Amanase | zone A | 18 | 22 | 19 | 59 | Amanase | zone A | 26 | 20 | 23 | 69 | Amanase | zone A | 19 | 24 | 43 | 86 | Amanase | zone A | 26 | 22 | 48 | Amanase | zone A | 16 | 20 | 19 | 55 | Amanase | zone A | 16 | 26 | 33 | 28 | 103
EV. FUND,EVANGELICAL,46,zone B | zone B | zone B | zone B | zone B | zone B | zone B | zone B | zone B | zone B | zone B | zone B,39 | Gyamase | zone B | 20 | 25 | 9 | 14 | 68 | 39.0 | Gyamase | zone B | 15 | 10.5 | 25.5 | 39.0 | Gyamase | zone B | 15.5 | 15 | 30.5 | 39.0 | Gyamase | zone B | 13 | 25 | 12 | 50 | Gyamase | zone B | 32 | 14 | 15 | 61 | Gyamase | zone B | 10 | 12 | 22 | Gyamase | zone B | 15 | 30 | 45 | Gyamase | zone B | 27 | 12 | 15 | 15 | 69 | Gyamase | zone B | 20 | 10 | 15 | 45 | Gyamase | zone B | 20 | 17 | 15 | 52 | Gyamase | zone B | 25 | 15 | 14 | 54 | Gyamase | zone B | 35 | 20 | 22 | 15 | 35 | 127
EV. FUND,EVANGELICAL,47,zone B | zone B | zone B | zone B | zone B | zone B | zone B | zone B | zone B | zone B | zone B | zone B,40 | Ayirebi | zone B | 0 | 40.0 | Ayirebi | zone B | 0 | 40.0 | Ayirebi | zone B | 0 | 40.0 | Ayirebi | zone B | 0 | Ayirebi | zone B | 0 | Ayirebi | zone B | 0 | Ayirebi | zone B | 0 | Ayirebi | zone B | 0 | Ayirebi | zone B | 0 | Ayirebi | zone B | 0 | Ayirebi | zone B | 0 | Ayirebi | zone B | 0
EV. FUND,EVANGELICAL,48,zone B | zone B | zone B | zone B | zone B | zone B | zone B | zone B | zone B | zone B | zone B | zone B,41 | Anamase | zone B | 0 | 41.0 | Anamase | zone B | 0 | 41.0 | Anamase | zone B | 0 | 41.0 | Anamase | zone B | 20 | 20 | Anamase | zone B | 0 | Anamase | zone B | 10 | 10 | Anamase | zone B | 0 | Anamase | zone B | 0 | Anamase | zone B | 0 | Anamase | zone B | 0 | Anamase | zone B | 0 | Anamase | zone B | 0
EV. FUND,EVANGELICAL,49,zone B | zone B | zone B | zone B | zone B | zone B | zone B | zone B | zone B | zone B | zone B | zone B,42 | Anyinase | zone B | 7 | 7 | 14 | 42.0 | Anyinase | zone B | 10 | 10 | 42.0 | Anyinase | zone B | 20 | 20 | 42.0 | Anyinase | zone B | 0 | Anyinase | zone B | 30 | 30 | Anyinase | zone B | 0 | Anyinase | zone B | 0 | Anyinase | zone B | 0 | Anyinase | zone B | 0 | Anyinase | zone B | 161 | 161 | Anyinase | zone B | 50 | 50 | Anyinase | zone B | 59 | 59
EV. FUND,EVANGELICAL,50,zone B | zone B | zone B | zone B | zone B | zone B | zone B | zone B | zone B | zone B | zone B | zone B,43 | Akwasiho | zone B | 55 | 55 | 43.0 | Akwasiho | zone B | 43.5 | 12 | 15 | 13 | 83.5 | 43.0 | Akwasiho | zone B | 12 | 15 | 20 | 10 | 10 | 67 | 43.0 | Akwasiho | zone B | 49 | 20 | 69 | Akwasiho | zone B | 15 | 20 | 35 | Akwasiho | zone B | 59 | 59 | Akwasiho | zone B | 20 | 14 | 34 | Akwasiho | zone B | 0 | Akwasiho | zone B | 59 | 59 | Akwasiho | zone B | 0 | Akwasiho | zone B | 75 | 70 | 72 | 80 | 297 | Akwasiho | zone B | 20 | 20 | 20 | 20 | 80
EV. FUND,EVANGELICAL,51,Nkawkaw | zone B | Nkawkaw | zone B | Nkawkaw | zone B | Nkawkaw | zone B | Nkawkaw | zone B | Nkawkaw | zone B | Nkawkaw | zone B | Nkawkaw | zone B | Nkawkaw | zone B | Nkawkaw | zone B | Nkawkaw | zone B | Nkawkaw | zone B,44 | Nkawkaw | zone B | 89 | 89 | 44.0 | Nkawkaw | zone B | 49.5 | 49.5 | 44.0 | Nkawkaw | zone B | 50 | 59 | 60 | 169 | 44.0 | Nkawkaw | zone B | 109 | 59 | 168 | Nkawkaw | zone B | 59 | 59 | Nkawkaw | zone B | 39 | 80 | 54 | 173 | Nkawkaw | zone B | 69 | 69 | 138 | Nkawkaw | zone B | 63 | 63 | Nkawkaw | zone B | 89 | 89 | Nkawkaw | zone B | 79 | 79 | 79 | 237 | Nkawkaw | zone B | 80 | 80 | Nkawkaw | zone B | 0
EV. FUND,EVANGELICAL,52,zone B | zone B | zone B | zone B | zone B | zone B | zone B | zone B | zone B | zone B | zone B | zone B,45 | Akim Oda | zone B | 29.5 | 29.5 | 45.0 | Akim Oda | zone B | 30 | 30 | 45.0 | Akim Oda | zone B | 20.5 | 20 | 40.5 | 45.0 | Akim Oda | zone B | 20 | 20 | Akim Oda | zone B | 20 | 20 | Akim Oda | zone B | 20 | 20 | Akim Oda | zone B | 20 | 20 | Akim Oda | zone B | 0 | Akim Oda | zone B | 0 | Akim Oda | zone B | 0 | Akim Oda | zone B | 20 | 20 | Akim Oda | zone B | 20 | 20
EV. FUND,EVANGELICAL,59,Takoradi | Takoradi | Takoradi | Takoradi | Takoradi | Takoradi | Takoradi | Takoradi | Takoradi | Takoradi | Takoradi | Takoradi,50 | Takoradi | 0 | 50.0 | Takoradi | 239 | 239 | 50.0 | Takoradi | 62 | 52 | 51 | 40 | 205 | 50.0 | Takoradi | 47 | 50 | 97 | Takoradi | 175 | 175 | Takoradi | 53 | 54 | 53 | 48 | 208 | Takoradi | 52 | 49 | 101 | Takoradi | 51 | 47 | 50 | 54 | 202 | Takoradi | 49 | 41 | 50 | 140 | Takoradi | 59 | 47 | 40 | 59 | 205 | Takoradi | 54 | 69 | 50 | 173 | Takoradi | 59 | 59 | 61 | 179
EV. FUND,EVANGELICAL,63,Sowutuom- H/Q | Sowutuom- H/Q | Sowutuom- H/Q | Sowutuom- H/Q | Sowutuom- H/Q | Sowutuom- H/Q | Sowutuom- H/Q | Sowutuom- H/Q | Sowutuom- H/Q | Sowutuom- H/Q | Sowutuom- H/Q | Sowutuom- H/Q,54 | Sowutuom- H/Q | 304 | 342 | 646 | 54.0 | Sowutuom- H/Q | 345 | 253 | 395 | 993 | 54.0 | Sowutuom- H/Q | 252 | 247 | 301 | 800 | 54.0 | Sowutuom- H/Q | 302 | 339 | 307 | 948 | Sowutuom- H/Q | 255 | 387 | 275 | 917 | Sowutuom- H/Q | 161 | 282 | 328 | 771 | Sowutuom- H/Q | 422 | 304 | 329 | 1055 | Sowutuom- H/Q | 304 | 288 | 338 | 930 | Sowutuom- H/Q | 265 | 312 | 354 | 252 | 1183 | Sowutuom- H/Q | 320 | 343 | 329 | 992 | Sowutuom- H/Q | 335 | 279 | 614 | Sowutuom- H/Q | 312 | 330 | 383 | 1025
EV. FUND,EVANGELICAL,65,GT. Accra zone 1 | GT. Accra zone 1 | GT. Accra zone 1 | GT. Accra zone 1 | GT. Accra zone 1 | GT. Accra zone 1 | GT. Accra zone 1 | GT. Accra zone 1 | GT. Accra zone 1 | GT. Accra zone 1 | GT. Accra zone 1 | GT. Accra zone 1,GT. Accra zone 1 | 0 | GT. Accra zone 1 | 0 | GT. Accra zone 1 | 0 | GT. Accra zone 1 | 0 | GT. Accra zone 1 | 0 | GT. Accra zone 1 | 0 | GT. Accra zone 1 | 0 | GT. Accra zone 1 | 0 | GT. Accra zone 1 | 0 | GT. Accra zone 1 | 0 | GT. Accra zone 1 | 200 | 200 | GT. Accra zone 1 | 0
EV. FUND,EVANGELICAL,66,GT. Accra zone 2 | GT. Accra zone 2 | GT. Accra zone 2 | GT. Accra zone 2 | GT. Accra zone 2 | GT. Accra zone 2 | GT. Accra zone 2 | GT. Accra zone 2 | GT. Accra zone 2 | GT. Accra zone 2 | GT. Accra zone 2 | GT. Accra zone 2,GT. Accra zone 2 | 0 | GT. Accra zone 2 | 0 | GT. Accra zone 2 | 0 | GT. Accra zone 2 | 0 | GT. Accra zone 2 | 0 | GT. Accra zone 2 | 0 | GT. Accra zone 2 | 0 | GT. Accra zone 2 | 0 | GT. Accra zone 2 | 0 | GT. Accra zone 2 | 0 | GT. Accra zone 2 | 0 | GT. Accra zone 2 | 0
EV. FUND,EVANGELICAL,67,Eastern zone A | Eastern zone A | Eastern zone A | Eastern zone A | Eastern zone A | Eastern zone A | Eastern zone A | Eastern zone A | Eastern zone A | Eastern zone A | Eastern zone A | Eastern zone A,Eastern zone A | 0 | Eastern zone A | 0 | Eastern zone A | 0 | Eastern zone A | 0 | Eastern zone A | 0 | Eastern zone A | 0 | Eastern zone A | 0 | Eastern zone A | 0 | Eastern zone A | 0 | Eastern zone A | 0 | Eastern zone A | 0 | Eastern zone A | 0
EV. FUND,EVANGELICAL,68,Eastern zone B | Eastern zone B | Eastern zone B | Eastern zone B | Eastern zone B | Eastern zone B | Eastern zone B | Eastern zone B | Eastern zone B | Eastern zone B | Eastern zone B | Eastern zone B,Eastern zone B | 0 | Eastern zone B | 0 | Eastern zone B | 0 | Eastern zone B | 0 | Eastern zone B | 0 | Eastern zone B | 0 | Eastern zone B | 0 | Eastern zone B | 0 | Eastern zone B | 0 | Eastern zone B | 0 | Eastern zone B | 0 | Eastern zone B | 0
EV. FUND,EVANGELICAL,81,Region / Branch | Region / Branch | Region / Branch | Region / Branch | Region / Branch | Region / Branch | Region / Branch | Region / Branch | Region / Branch | Region / Branch | Region / Branch | Region / Branch,Region / Branch | JANUARY | Region / Branch | FEBRUARY | Region / Branch | MARCH | Region / Branch | APRIL | Region / Branch | MAY | Region / Branch | JUNE | Region / Branch | JULY | Region / Branch | AUGUST | Region / Branch | SEPTEMBER | Region / Branch | OCTOBER | Region / Branch | NOVEMBER | Region / Branch | DECEMBER
EV. FUND,EVANGELICAL,82,Zone | Zone | Zone | Zone | Zone | Zone | Zone | Zone | Zone | Zone | Zone | Zone,Greater Accra | Zone | 5th | 12th | 19th | 26th | TOTAL | Greater Accra | Zone | 2nd | 9th | 16 | 23 | TOTAL | Greater Accra | Zone | 2nd | 9TH | 16TH | 23rd | 30th | TOTAL | Greater Accra | Zone | 6th | 13th | 20th | 27th | TOTAL | Greater Accra | Zone | 4th | 11th | 18th | 25th | TOTAL | Greater Accra | Zone | 1st | 8th | 15th | 22nd | 29th | Greater Accra | Zone | 6TH | 13TH | 20TH | 27TH | TOTAL | Greater Accra | Zone | 3RD | 10TH | 17th | 24th | 31st | TOTAL | Greater Accra | Zone | 7TH | 14TH | 21ST | 28TH | TOTAL | Greater Accra | Zone | 5th | 12th | 19th | 26th | TOTAL | Greater Accra | Zone | 2nd | 9th | 16th | 23rd | 30th | TOTAL | Greater Accra | Zone | 7th | 14th | 21st | 28th | TOTAL
EV. FUND,EVANGELICAL,83,zone 1 | zone 1 | zone 1 | zone 1 | zone 1 | zone 1 | zone 1 | zone 1 | zone 1 | zone 1 | zone 1 | zone 1,1 | Accra Newtown | zone 1 | 145 | 155 | 300 | 1.0 | Accra Newtown | zone 1 | 80 | 130 | 210 | 1.0 | Accra Newtown | zone 1 | 100 | 500 | 600 | 1.0 | Accra Newtown | zone 1 | 125 | 125 | Accra Newtown | zone 1 | 75 | 100 | 175 | Accra Newtown | zone 1 | 95 | 80 | 110 | 285.0 | Accra Newtown | zone 1 | 100 | 100 | 200 | Accra Newtown | zone 1 | 200 | 200 | Accra Newtown | zone 1 | 100 | 200 | 300 | Accra Newtown | zone 1 | 150 | 257 | 407 | Accra Newtown | zone 1 | 165 | 165 | Accra Newtown | zone 1 | 100 | 130 | 230
EV. FUND,EVANGELICAL,84,Kasoa | zone 1 | Kasoa | zone 1 | Kasoa | zone 1 | Kasoa | zone 1 | Kasoa | zone 1 | Kasoa | zone 1 | Kasoa | zone 1 | Kasoa | zone 1 | Kasoa | zone 1 | Kasoa | zone 1 | Kasoa | zone 1 | Kasoa | zone 1,2 | Kasoa | zone 1 | 0 | 2.0 | Kasoa | zone 1 | 49 | 49 | 2.0 | Kasoa | zone 1 | 334 | 334 | 2.0 | Kasoa | zone 1 | 0 | Kasoa | zone 1 | 150 | 150 | Kasoa | zone 1 | 75 | 170 | 245.0 | Kasoa | zone 1 | 60 | 60 | Kasoa | zone 1 | 125 | 125 | Kasoa | zone 1 | 0 | Kasoa | zone 1 | 0 | Kasoa | zone 1 | 182 | 182 | Kasoa | zone 1 | 100 | 100
EV. FUND,EVANGELICAL,85,zone 1 | zone 1 | zone 1 | zone 1 | zone 1 | zone 1 | zone 1 | zone 1 | zone 1 | zone 1 | zone 1 | zone 1,3 | Sapeiman | zone 1 | 0 | 3.0 | Sapeiman | zone 1 | 40 | 49 | 89 | 3.0 | Sapeiman | zone 1 | 60 | 129 | 189 | 3.0 | Sapeiman | zone 1 | 30 | 49 | 79 | Sapeiman | zone 1 | 0 | Sapeiman | zone 1 | 28 | 28.0 | Sapeiman | zone 1 | 49 | 49 | Sapeiman | zone 1 | 50 | 50 | Sapeiman | zone 1 | 49 | 40 | 89 | Sapeiman | zone 1 | 49 | 49 | Sapeiman | zone 1 | 40 | 34 | 74 | Sapeiman | zone 1 | 0
EV. FUND,EVANGELICAL,86,zone 1 | zone 1 | zone 1 | zone 1 | zone 1 | zone 1 | zone 1 | zone 1 | zone 1 | zone 1 | zone 1 | zone 1,4 | Oshuiman | zone 1 | 29 | 29 | 4.0 | Oshuiman | zone 1 | 30 | 30 | 4.0 | Oshuiman | zone 1 | 29 | 29 | 150 | 208 | 4.0 | Oshuiman | zone 1 | 29 | 29 | Oshuiman | zone 1 | 29 | 29 | Oshuiman | zone 1 | 29 | 29 | 58.0 | Oshuiman | zone 1 | 29 | 29 | Oshuiman | zone 1 | 39 | 29 | 68 | Oshuiman | zone 1 | 29 | 29 | Oshuiman | zone 1 | 39 | 39 | Oshuiman | zone 1 | 0 | Oshuiman | zone 1 | 39 | 39
EV. FUND,EVANGELICAL,87,Taifa | zone 1 | Taifa | zone 1 | Taifa | zone 1 | Taifa | zone 1 | Taifa | zone 1 | Taifa | zone 1 | Taifa | zone 1 | Taifa | zone 1 | Taifa | zone 1 | Taifa | zone 1 | Taifa | zone 1 | Taifa | zone 1,5 | Taifa | zone 1 | 0 | 5.0 | Taifa | zone 1 | 40 | 40 | 5.0 | Taifa | zone 1 | 20 | 30 | 50 | 5.0 | Taifa | zone 1 | 0 | Taifa | zone 1 | 35 | 35 | Taifa | zone 1 | 0.0 | Taifa | zone 1 | 30 | 30 | Taifa | zone 1 | 30 | 30 | Taifa | zone 1 | 20 | 20 | Taifa | zone 1 | 0 | Taifa | zone 1 | 70 | 70 | Taifa | zone 1 | 60 | 64 | 61 | 185
EV. FUND,EVANGELICAL,88,Nyanyano | zone 1 | Nyanyano | zone 1 | Nyanyano | zone 1 | Nyanyano | zone 1 | Nyanyano | zone 1 | Nyanyano | zone 1 | Nyanyano | zone 1 | Nyanyano | zone 1 | Nyanyano | zone 1 | Nyanyano | zone 1 | Nyanyano | zone 1 | Nyanyano | zone 1,6 | Nyanyano | zone 1 | 20 | 20 | 6.0 | Nyanyano | zone 1 | 20 | 20 | 6.0 | Nyanyano | zone 1 | 21 | 20 | 20 | 61 | 6.0 | Nyanyano | zone 1 | 19 | 19 | Nyanyano | zone 1 | 20 | 20 | Nyanyano | zone 1 | 20 | 20 | 40.0 | Nyanyano | zone 1 | 21 | 21 | Nyanyano | zone 1 | 20 | 20 | Nyanyano | zone 1 | 20 | 20 | Nyanyano | zone 1 | 0 | Nyanyano | zone 1 | 24 | 25 | 49 | Nyanyano | zone 1 | 21 | 21
EV. FUND,EVANGELICAL,89,Teshie | zone2 | Teshie | zone2 | Teshie | zone2 | Teshie | zone2 | Teshie | zone2 | Teshie | zone2 | Teshie | zone2 | Teshie | zone2 | Teshie | zone2 | Teshie | zone2 | Teshie | zone2 | Teshie | zone2,7 | Teshie | zone2 | 0 | 7.0 | Teshie | zone2 | 0 | 7.0 | Teshie | zone2 | 20 | 25 | 45 | 7.0 | Teshie | zone2 | 0 | Teshie | zone2 | 55 | 55 | Teshie | zone2 | 30 | 30.0 | Teshie | zone2 | 30 | 30 | 60 | Teshie | zone2 | 0 | Teshie | zone2 | 24 | 24 | Teshie | zone2 | 100 | 100 | Teshie | zone2 | 30 | 30 | 60 | Teshie | zone2 | 0
EV. FUND,EVANGELICAL,90,zone 2 | zone 2 | zone 2 | zone 2 | zone 2 | zone 2 | zone 2 | zone 2 | zone 2 | zone 2 | zone 2 | zone 2,8 | Madina | zone 2 | 39 | 49 | 88 | 8.0 | Madina | zone 2 | 49 | 49 | 8.0 | Madina | zone 2 | 44 | 30 | 49 | 64 | 187 | 8.0 | Madina | zone 2 | 44 | 24 | 64 | 132 | Madina | zone 2 | 59 | 29 | 49 | 137 | Madina | zone 2 | 39 | 23 | 39 | 101.0 | Madina | zone 2 | 49 | 30 | 29 | 108 | Madina | zone 2 | 27 | 39 | 49 | 115 | Madina | zone 2 | 73 | 49 | 122 | Madina | zone 2 | 30 | 49 | 79 | Madina | zone 2 | 25 | 40 | 40 | 105 | Madina | zone 2 | 39 | 23 | 62
EV. FUND,EVANGELICAL,91,zone 2 | zone 2 | zone 2 | zone 2 | zone 2 | zone 2 | zone 2 | zone 2 | zone 2 | zone 2 | zone 2 | zone 2,9 | Buduburam | zone 2 | 0 | 9.0 | Buduburam | zone 2 | 25 | 25 | 50 | 9.0 | Buduburam | zone 2 | 25 | 25 | 50 | 9.0 | Buduburam | zone 2 | 0 | Buduburam | zone 2 | 40 | 40 | Buduburam | zone 2 | 0.0 | Buduburam | zone 2 | 44 | 44 | Buduburam | zone 2 | 20 | 20 | Buduburam | zone 2 | 24 | 24 | Buduburam | zone 2 | 25 | 25 | Buduburam | zone 2 | 0 | Buduburam | zone 2 | 30 | 30
EV. FUND,EVANGELICAL,92,zone 2 | zone 2 | zone 2 | zone 2 | zone 2 | zone 2 | zone 2 | zone 2 | zone 2 | zone 2 | zone 2 | zone 2,10 | Mampong | zone 2 | 0 | 10.0 | Mampong | zone 2 | 21 | 20 | 41 | 10.0 | Mampong | zone 2 | 17 | 12 | 79 | 108 | 10.0 | Mampong | zone 2 | 0 | Mampong | zone 2 | 0 | Mampong | zone 2 | 0.0 | Mampong | zone 2 | 0 | Mampong | zone 2 | 0 | Mampong | zone 2 | 0 | Mampong | zone 2 | 0 | Mampong | zone 2 | 0 | Mampong | zone 2 | 0
EV. FUND,EVANGELICAL,93,Ashaiman | zone 2 | Ashaiman | zone 2 | Ashaiman | zone 2 | Ashaiman | zone 2 | Ashaiman | zone 2 | Ashaiman | zone 2 | Ashaiman | zone 2 | Ashaiman | zone 2 | Ashaiman | zone 2 | Ashaiman | zone 2 | Ashaiman | zone 2 | Ashaiman | zone 2,11 | Ashaiman | zone 2 | 0 | 11.0 | Ashaiman | zone 2 | 23 | 24 | 47 | 11.0 | Ashaiman | zone 2 | 18 | 18 | 11.0 | Ashaiman | zone 2 | 128 | 23 | 151 | Ashaiman | zone 2 | 24 | 24 | Ashaiman | zone 2 | 28 | 29 | 57.0 | Ashaiman | zone 2 | 20 | 20 | Ashaiman | zone 2 | 24 | 24 | Ashaiman | zone 2 | 30 | 30 | Ashaiman | zone 2 | 24 | 24 | Ashaiman | zone 2 | 28 | 20 | 48 | Ashaiman | zone 2 | 32 | 32
EV. FUND,EVANGELICAL,94,zone 2 | zone 2 | zone 2 | zone 2 | zone 2 | zone 2 | zone 2 | zone 2 | zone 2 | zone 2 | zone 2 | zone 2,12 | Larteh | zone 2 | 0 | 12.0 | Larteh | zone 2 | 0 | 12.0 | Larteh | zone 2 | 0 | 12.0 | Larteh | zone 2 | 0 | Larteh | zone 2 | 0 | Larteh | zone 2 | 0.0 | Larteh | zone 2 | 0 | Larteh | zone 2 | 0 | Larteh | zone 2 | 0 | Larteh | zone 2 | 0 | Larteh | zone 2 | 0 | Larteh | zone 2 | 0
EV. FUND,EVANGELICAL,95,Odorkor | zone 2 | Odorkor | zone 2 | Odorkor | zone 2 | Odorkor | zone 2 | Odorkor | zone 2 | Odorkor | zone 2 | Odorkor | zone 2 | Odorkor | zone 2 | Odorkor | zone 2 | Odorkor | zone 2 | Odorkor | zone 2 | Odorkor | zone 2,13 | Odorkor | zone 2 | 49 | 49 | 13.0 | Odorkor | zone 2 | 40 | 40 | 13.0 | Odorkor | zone 2 | 49 | 39 | 88 | 13.0 | Odorkor | zone 2 | 49 | 49 | 98 | Odorkor | zone 2 | 49 | 49 | Odorkor | zone 2 | 49 | 49 | 98.0 | Odorkor | zone 2 | 30 | 30 | Odorkor | zone 2 | 100 | 49 | 149 | Odorkor | zone 2 | 49 | 49 | 98 | Odorkor | zone 2 | 49 | 49 | Odorkor | zone 2 | 34 | 54 | 88 | Odorkor | zone 2 | 49 | 49
EV. FUND,EVANGELICAL,96,zone 2 | zone 2 | zone 2 | zone 2 | zone 2 | zone 2 | zone 2 | zone 2 | zone 2 | zone 2 | zone 2 | zone 2,14 | Achimota | zone 2 | 39 | 39 | 14.0 | Achimota | zone 2 | 154 | 154 | 14.0 | Achimota | zone 2 | 99 | 99 | 14.0 | Achimota | zone 2 | 123 | 123 | Achimota | zone 2 | 106 | 106 | Achimota | zone 2 | 69 | 66 | 135.0 | Achimota | zone 2 | 85 | 85 | Achimota | zone 2 | 50 | 49 | 49 | 40 | 188 | Achimota | zone 2 | 107 | 107 | Achimota | zone 2 | 106 | 106 | Achimota | zone 2 | 105 | 105 | Achimota | zone 2 | 99 | 99
EV. FUND,EVANGELICAL,101,Nyenkyerenease | Nyenkyerenease | Nyenkyerenease | Nyenkyerenease | Nyenkyerenease | Nyenkyerenease | Nyenkyerenease | Nyenkyerenease | Nyenkyerenease | Nyenkyerenease | Nyenkyerenease | Nyenkyerenease,17 | Nyenkyerenease | 8 | 7 | 15 | 17.0 | Nyenkyerenease | 9 | 8 | 17 | 17.0 | Nyenkyerenease | 9 | 8 | 17 | 17.0 | Nyenkyerenease | 8 | 9 | 17 | Nyenkyerenease | 8 | 9 | 17 | Nyenkyerenease | 7 | 8 | 15.0 | Nyenkyerenease | 0 | Nyenkyerenease | 20 | 20 | Nyenkyerenease | 99 | 30 | 129 | Nyenkyerenease | 25 | 25 | Nyenkyerenease | 49 | 30 | 79 | Nyenkyerenease | 0
EV. FUND,EVANGELICAL,102,Konongo | Konongo | Konongo | Konongo | Konongo | Konongo | Konongo | Konongo | Konongo | Konongo | Konongo | Konongo,18 | Konongo | 15 | 15 | 15 | 45 | 18.0 | Konongo | 30 | 20 | 50 | 18.0 | Konongo | 14 | 14 | 18.0 | Konongo | 15 | 14 | 29 | Konongo | 30 | 19 | 49 | Konongo | 20 | 19 | 15 | 15 | 69.0 | Konongo | 14 | 20 | 34 | Konongo | 14 | 14 | Konongo | 15 | 15 | Konongo | 20 | 14 | 34 | Konongo | 15 | 25 | 40 | Konongo | 10 | 10
EV. FUND,EVANGELICAL,103,Sunyani | Sunyani | Sunyani | Sunyani | Sunyani | Sunyani | Sunyani | Sunyani | Sunyani | Sunyani | Sunyani | Sunyani,19 | Sunyani | 0 | 19.0 | Sunyani | 0 | 19.0 | Sunyani | 0 | 19.0 | Sunyani | 0 | Sunyani | 0 | Sunyani | 0.0 | Sunyani | 0 | Sunyani | 0 | Sunyani | 0 | Sunyani | 0 | Sunyani | 0 | Sunyani | 0
EV. FUND,EVANGELICAL,111,Coaltar | zone A | Coaltar | zone A | Coaltar | zone A | Coaltar | zone A | Coaltar | zone A | Coaltar | zone A | Coaltar | zone A | Coaltar | zone A | Coaltar | zone A | Coaltar | zone A | Coaltar | zone A | Coaltar | zone A,26 | Coaltar | zone A | 53 | 35 | 88 | 26.0 | Coaltar | zone A | 60 | 38 | 42 | 140 | 26.0 | Coaltar | zone A | 32 | 32 | 26.0 | Coaltar | zone A | 70 | 70 | Coaltar | zone A | 45 | 45 | Coaltar | zone A | 105 | 105.0 | Coaltar | zone A | 28 | 25 | 53 | Coaltar | zone A | 3 | 3 | Coaltar | zone A | 50 | 40 | 90 | Coaltar | zone A | 38 | 49 | 87 | Coaltar | zone A | 54 | 64 | 49 | 167 | Coaltar | zone A | 21 | 42 | 63
EV. FUND,EVANGELICAL,112,Zone A | Zone A | Zone A | Zone A | Zone A | Zone A | Zone A | Zone A | Zone A | Zone A | Zone A | Zone A,27 | Tumfa | Zone A | 24 | 22 | 30 | 76 | 27.0 | Tumfa | Zone A | 20 | 24 | 20 | 64 | 27.0 | Tumfa | Zone A | 15 | 20 | 14 | 49 | 27.0 | Tumfa | Zone A | 19 | 19 | 15 | 53 | Tumfa | Zone A | 17 | 18 | 21 | 56 | Tumfa | Zone A | 17 | 10 | 18 | 15 | 60.0 | Tumfa | Zone A | 20 | 15 | 16 | 51 | Tumfa | Zone A | 15 | 15 | 20 | 20 | 70 | Tumfa | Zone A | 17 | 10 | 24 | 51 | Tumfa | Zone A | 19 | 17 | 20 | 56 | Tumfa | Zone A | 0 | Tumfa | Zone A | 0
EV. FUND,EVANGELICAL,113,zone A | zone A | zone A | zone A | zone A | zone A | zone A | zone A | zone A | zone A | zone A | zone A,28 | Otoase | zone A | 49 | 29 | 78 | 28.0 | Otoase | zone A | 39 | 30 | 69 | 28.0 | Otoase | zone A | 49 | 30 | 59 | 138 | 28.0 | Otoase | zone A | 0 | Otoase | zone A | 49 | 34 | 83 | Otoase | zone A | 29 | 29.0 | Otoase | zone A | 84 | 39 | 48 | 171 | Otoase | zone A | 39 | 49 | 49 | 137 | Otoase | zone A | 49 | 49 | 98 | Otoase | zone A | 40 | 40 | Otoase | zone A | 49 | 49 | 98 | Otoase | zone A | 49 | 49 | 98
EV. FUND,EVANGELICAL,114,zone A | zone A | zone A | zone A | zone A | zone A | zone A | zone A | zone A | zone A | zone A | zone A,29 | Nsawam | zone A | 24 | 30 | 29 | 83 | 29.0 | Nsawam | zone A | 34 | 48 | 82 | 29.0 | Nsawam | zone A | 147 | 49 | 196 | 29.0 | Nsawam | zone A | 29 | 37 | 66 | Nsawam | zone A | 49 | 39 | 88 | Nsawam | zone A | 29 | 39 | 68.0 | Nsawam | zone A | 34 | 34 | Nsawam | zone A | 55 | 60 | 115 | Nsawam | zone A | 47 | 47 | Nsawam | zone A | 30 | 45 | 75 | Nsawam | zone A | 30 | 28 | 30 | 88 | Nsawam | zone A | 0
EV. FUND,EVANGELICAL,115,zone A | zone A | zone A | zone A | zone A | zone A | zone A | zone A | zone A | zone A | zone A | zone A,30 | Suhum | zone A | 0 | 30.0 | Suhum | zone A | 0 | 30.0 | Suhum | zone A | 0 | 30.0 | Suhum | zone A | 38 | 100 | 138 | Suhum | zone A | 99 | 99 | Suhum | zone A | 51 | 51.0 | Suhum | zone A | 30 | 25 | 25 | 80 | Suhum | zone A | 0 | Suhum | zone A | 0 | Suhum | zone A | 0 | Suhum | zone A | 0 | Suhum | zone A | 0
EV. FUND,EVANGELICAL,116,zone A | zone A | zone A | zone A | zone A | zone A | zone A | zone A | zone A | zone A | zone A | zone A,31 | Asamankese | zone A | 0 | 31.0 | Asamankese | zone A | 0 | 31.0 | Asamankese | zone A | 0 | 31.0 | Asamankese | zone A | 0 | Asamankese | zone A | 0 | Asamankese | zone A | 0.0 | Asamankese | zone A | 0 | Asamankese | zone A | 0 | Asamankese | zone A | 0 | Asamankese | zone A | 0 | Asamankese | zone A | 0 | Asamankese | zone A | 0
EV. FUND,EVANGELICAL,117,zone A | zone A | zone A | zone A | zone A | zone A | zone A | zone A | zone A | zone A | zone A | zone A,32 | Marfo | zone A | 0 | 32.0 | Marfo | zone A | 30 | 40 | 34 | 104 | 32.0 | Marfo | zone A | 114 | 114 | 32.0 | Marfo | zone A | 15 | 16 | 24 | 55 | Marfo | zone A | 0 | Marfo | zone A | 0.0 | Marfo | zone A | 40 | 50 | 43 | 133 | Marfo | zone A | 30 | 30 | 33 | 93 | Marfo | zone A | 50 | 60 | 54 | 164 | Marfo | zone A | 30 | 25 | 55 | Marfo | zone A | 30 | 30 | 60 | Marfo | zone A | 30 | 30
EV. FUND,EVANGELICAL,118,zone A | zone A | zone A | zone A | zone A | zone A | zone A | zone A | zone A | zone A | zone A | zone A,33 | Amfaso | zone A | 20 | 20 | 40 | 33.0 | Amfaso | zone A | 14 | 20 | 34 | 33.0 | Anfaso | zone A | 10 | 20 | 30 | 33.0 | Anfaso | zone A | 29 | 14 | 43 | Anfaso | zone A | 0 | Anfaso | zone A | 20 | 10 | 30.0 | Anfaso | zone A | 20 | 25 | 45 | Anfaso | zone A | 0 | Anfaso | zone A | 0 | Anfaso | zone A | 0 | Anfaso | zone A | 30 | 30 | Anfaso | zone A | 10 | 10
EV. FUND,EVANGELICAL,119,Zone A | Zone A | Zone A | Zone A | Zone A | Zone A | Zone A | Zone A | Zone A | Zone A | Zone A | Zone A,34 | Adeiso | Zone A | 39 | 39 | 34.0 | Adeiso | Zone A | 0 | 34.0 | Adeiso | Zone A | 0 | 34.0 | Adeiso | Zone A | 39 | 39 | Adeiso | Zone A | 0 | Adeiso | Zone A | 0.0 | Adeiso | Zone A | 0 | Adeiso | Zone A | 0 | Adeiso | Zone A | 0 | Adeiso | Zone A | 0 | Adeiso | Zone A | 0 | Adeiso | Zone A | 0
EV. FUND,EVANGELICAL,120,Koforidua | zone A | Koforidua | zone A | Koforidua | zone A | Koforidua | zone A | Koforidua | zone A | Koforidua | zone A | Koforidua | zone A | Koforidua | zone A | Koforidua | zone A | Koforidua | zone A | Koforidua | zone A | Koforidua | zone A,35 | Koforidua | zone A | 64 | 88 | 94 | 246 | 35.0 | Koforidua | zone A | 60 | 50 | 65 | 175 | 35.0 | Koforidua | zone A | 55 | 50 | 62 | 65 | 232 | 35.0 | Koforidua | zone A | 60 | 60 | 281 | 401 | Koforidua | zone A | 54 | 63 | 60 | 177 | Koforidua | zone A | 51 | 40 | 40 | 45 | 176.0 | Koforidua | zone A | 70 | 60 | 53 | 183 | Koforidua | zone A | 61 | 68 | 554 | 40 | 723 | Koforidua | zone A | 50 | 41 | 50 | 141 | Koforidua | zone A | 54 | 60 | 52 | 166 | Koforidua | zone A | 59 | 53 | 45 | 51 | 208 | Koforidua | zone A | 54 | 50 | 62 | 166
EV. FUND,EVANGELICAL,121,zone A | zone A | zone A | zone A | zone A | zone A | zone A | zone A | zone A | zone A | zone A | zone A,36 | Effiduase | zone A | 64 | 69 | 69 | 202 | 36.0 | Effiduase | zone A | 79 | 50 | 50 | 179 | 36.0 | Effiduase | zone A | 50 | 74 | 64 | 188 | 36.0 | Effiduase | zone A | 52 | 50 | 240 | 342 | Effiduase | zone A | 71 | 50 | 54 | 175 | Effiduase | zone A | 64 | 60 | 50 | 174.0 | Effiduase | zone A | 69 | 55 | 56 | 180 | Effiduase | zone A | 59 | 63 | 39 | 161 | Effiduase | zone A | 50 | 40 | 50 | 140 | Effiduase | zone A | 50 | 59 | 73 | 182 | Effiduase | zone A | 60 | 80 | 55 | 70 | 65 | 330 | Effiduase | zone A | 65 | 60 | 50 | 175
EV. FUND,EVANGELICAL,122,zone A | zone A | zone A | zone A | zone A | zone A | zone A | zone A | zone A | zone A | zone A | zone A,37 | Owuram | zone A | 0 | 37.0 | Owuram | zone A | 0 | 37.0 | Owuram | zone A | 0 | 37.0 | Owuram | zone A | 0 | Owuram | zone A | 0 | Owuram | zone A | 0.0 | Owuram | zone A | 0 | Owuram | zone A | 0 | Owuram | zone A | 0 | Owuram | zone A | 0 | Owuram | zone A | 0 | Owuram | zone A | 0
EV. FUND,EVANGELICAL,123,zone A | zone A | zone A | zone A | zone A | zone A | zone A | zone A | zone A | zone A | zone A | zone A,38 | Amanase | zone A | 32 | 36 | 68 | 38.0 | Amanase | zone A | 24 | 24 | 48 | 38.0 | Amanase | zone A | 45 | 24 | 25 | 53 | 147 | 38.0 | Amanase | zone A | 29 | 29 | Amanase | zone A | 34 | 29 | 63 | Amanase | zone A | 20 | 18 | 38.0 | Amanase | zone A | 39 | 30 | 69 | Amanase | zone A | 24.5 | 29 | 10 | 20 | 24 | 107.5 | Amanase | zone A | 38 | 30 | 20 | 88 | Amanase | zone A | 24 | 30 | 25 | 79 | Amanase | zone A | 30 | 42 | 39 | 49 | 160 | Amanase | zone A | 34 | 34
EV. FUND,EVANGELICAL,124,zone B | zone B | zone B | zone B | zone B | zone B | zone B | zone B | zone B | zone B | zone B | zone B,39 | Gyamase | zone B | 27 | 15 | 42 | 39.0 | Gyamase | zone B | 20 | 15 | 16 | 10 | 61 | 39.0 | Gyamase | zone B | 10 | 50 | 60 | 39.0 | Gyamase | zone B | 15 | 15 | 25 | 55 | Gyamase | zone B | 15 | 10 | 15 | 40 | Gyamase | zone B | 15 | 10 | 10 | 26 | 61.0 | Gyamase | zone B | 25 | 25 | Gyamase | zone B | 12 | 15 | 12 | 13 | 52 | Gyamase | zone B | 25 | 10 | 10 | 45 | Gyamase | zone B | 15 | 15 | 30 | Gyamase | zone B | 38 | 38 | Gyamase | zone B | 15 | 15
EV. FUND,EVANGELICAL,125,zone B | zone B | zone B | zone B | zone B | zone B | zone B | zone B | zone B | zone B | zone B | zone B,40 | Ayirebi | zone B | 0 | 40.0 | Ayirebi | zone B | 0 | 40.0 | Ayirebi | zone B | 0 | 40.0 | Ayirebi | zone B | 0 | Ayirebi | zone B | 0 | Ayirebi | zone B | 0.0 | Ayirebi | zone B | 0 | Ayirebi | zone B | 0 | Ayirebi | zone B | 0 | Ayirebi | zone B | 0 | Ayirebi | zone B | 0 | Ayirebi | zone B | 0
EV. FUND,EVANGELICAL,126,zone B | zone B | zone B | zone B | zone B | zone B | zone B | zone B | zone B | zone B | zone B | zone B,41 | Anamase | zone B | 0 | 41.0 | Anamase | zone B | 0 | 41.0 | Anamase | zone B | 99 | 99 | 41.0 | Anamase | zone B | 0 | Anamase | zone B | 0 | Anamase | zone B | 0.0 | Anamase | zone B | 0 | Anamase | zone B | 0 | Anamase | zone B | 0 | Anamase | zone B | 0 | Anamase | zone B | 0 | Anamase | zone B | 0
EV. FUND,EVANGELICAL,127,zone B | zone B | zone B | zone B | zone B | zone B | zone B | zone B | zone B | zone B | zone B | zone B,42 | Anyinase | zone B | 130 | 130 | 42.0 | Anyinase | zone B | 0 | 42.0 | Anyinase | zone B | 39 | 39 | 42.0 | Anyinase | zone B | 49 | 49 | Anyinase | zone B | 49 | 49 | Anyinase | zone B | 24 | 24.0 | Anyinase | zone B | 39 | 39 | Anyinase | zone B | 43 | 43 | Anyinase | zone B | 49 | 49 | Anyinase | zone B | 0 | Anyinase | zone B | 59 | 59 | Anyinase | zone B | 40 | 40 | 30 | 110
EV. FUND,EVANGELICAL,128,zone B | zone B | zone B | zone B | zone B | zone B | zone B | zone B | zone B | zone B | zone B | zone B,43 | Akwasiho | zone B | 0 | 43.0 | Akwasiho | zone B | 52 | 52 | 43.0 | Akwasiho | zone B | 22 | 20 | 20 | 220 | 282 | 43.0 | Akwasiho | zone B | 59 | 59 | Akwasiho | zone B | 20 | 20 | 20 | 60 | Akwasiho | zone B | 28 | 20 | 38 | 30 | 116.0 | Akwasiho | zone B | 30 | 32 | 20 | 19 | 101 | Akwasiho | zone B | 19 | 22 | 48 | 49 | 138 | Akwasiho | zone B | 41 | 30 | 71 | Akwasiho | zone B | 39 | 34 | 73 | Akwasiho | zone B | 132 | 30 | 162 | Akwasiho | zone B | 63 | 30 | 34 | 127
EV. FUND,EVANGELICAL,129,Nkawkaw | zone B | Nkawkaw | zone B | Nkawkaw | zone B | Nkawkaw | zone B | Nkawkaw | zone B | Nkawkaw | zone B | Nkawkaw | zone B | Nkawkaw | zone B | Nkawkaw | zone B | Nkawkaw | zone B | Nkawkaw | zone B | Nkawkaw | zone B,44 | Nkawkaw | zone B | 89 | 89 | 44.0 | Nkawkaw | zone B | 99 | 69 | 168 | 44.0 | Nkawkaw | zone B | 198 | 49 | 247 | 44.0 | Nkawkaw | zone B | 100 | 100 | Nkawkaw | zone B | 0 | Nkawkaw | zone B | 89 | 99 | 89 | 277.0 | Nkawkaw | zone B | 100 | 100 | Nkawkaw | zone B | 0 | Nkawkaw | zone B | 0 | Nkawkaw | zone B | 90 | 119 | 209 | Nkawkaw | zone B | 0 | Nkawkaw | zone B | 100 | 100
EV. FUND,EVANGELICAL,130,zone B | zone B | zone B | zone B | zone B | zone B | zone B | zone B | zone B | zone B | zone B | zone B,45 | Akim Oda | zone B | 0 | 45.0 | Akim Oda | zone B | 60 | 49 | 109 | 45.0 | Akim Oda | zone B | 49 | 59 | 40 | 148 | 45.0 | Akim Oda | zone B | 39 | 39 | 78 | Akim Oda | zone B | 79 | 79 | Akim Oda | zone B | 49 | 49 | 39 | 49 | 186.0 | Akim Oda | zone B | 39 | 49 | 88 | Akim Oda | zone B | 49 | 49 | 98 | Akim Oda | zone B | 70 | 81 | 151 | Akim Oda | zone B | 0 | Akim Oda | zone B | 0 | Akim Oda | zone B | 49 | 49
EV. FUND,EVANGELICAL,137,Takoradi | Takoradi | Takoradi | Takoradi | Takoradi | Takoradi | Takoradi | Takoradi | Takoradi | Takoradi | Takoradi | Takoradi,50 | Takoradi | 58 | 50 | 108 | 50.0 | Takoradi | 69 | 59 | 128 | 50.0 | Takoradi | 79 | 49 | 69 | 72 | 269 | 50.0 | Takoradi | 89 | 54 | 143 | Takoradi | 83 | 79 | 89 | 251 | Takoradi | 80 | 99 | 99 | 69 | 347.0 | Takoradi | 69 | 79 | 79 | 227 | Takoradi | 89 | 89 | Takoradi | 219 | 219 | Takoradi | 79 | 69 | 148 | Takoradi | 89 | 69 | 69 | 227 | Takoradi | 89 | 89
EV. FUND,EVANGELICAL,141,Sowutuom- H/Q | Sowutuom- H/Q | Sowutuom- H/Q | Sowutuom- H/Q | Sowutuom- H/Q | Sowutuom- H/Q | Sowutuom- H/Q | Sowutuom- H/Q | Sowutuom- H/Q | Sowutuom- H/Q | Sowutuom- H/Q | Sowutuom- H/Q,54 | Sowutuom- H/Q | 329 | 500 | 829 | 54.0 | Sowutuom- H/Q | 310 | 301 | 338 | 949 | 54.0 | Sowutuom- H/Q | 288 | 358 | 447 | 1218 | 2311 | 54.0 | Sowutuom- H/Q | 337 | 333 | 459 | 1129 | Sowutuom- H/Q | 303 | 343 | 344 | 990 | Sowutuom- H/Q | 303 | 393 | 369 | 1065.0 | Sowutuom- H/Q | 319 | 436 | 422 | 1177 | Sowutuom- H/Q | 318 | 333 | 319 | 391 | 1361 | Sowutuom- H/Q | 302 | 323 | 512 | 1137 | Sowutuom- H/Q | 310 | 345 | 655 | Sowutuom- H/Q | 436 | 367 | 393 | 361 | 1557 | Sowutuom- H/Q | 339 | 401 | 740
EV. FUND,EVANGELICAL,143,GT. Accra zone 1 | GT. Accra zone 1 | GT. Accra zone 1 | GT. Accra zone 1 | GT. Accra zone 1 | GT. Accra zone 1 | GT. Accra zone 1 | GT. Accra zone 1 | GT. Accra zone 1 | GT. Accra zone 1 | GT. Accra zone 1 | GT. Accra zone 1,GT. Accra zone 1 | 0 | GT. Accra zone 1 | 0 | GT. Accra zone 1 | 0 | GT. Accra zone 1 | 0 | GT. Accra zone 1 | 0 | GT. Accra zone 1 | 0.0 | GT. Accra zone 1 | 200 | 200 | GT. Accra zone 1 | 0 | GT. Accra zone 1 | 0 | GT. Accra zone 1 | 0 | GT. Accra zone 1 | 0 | GT. Accra zone 1 | 0
EV. FUND,EVANGELICAL,144,GT. Accra zone 2 | GT. Accra zone 2 | GT. Accra zone 2 | GT. Accra zone 2 | GT. Accra zone 2 | GT. Accra zone 2 | GT. Accra zone 2 | GT. Accra zone 2 | GT. Accra zone 2 | GT. Accra zone 2 | GT. Accra zone 2 | GT. Accra zone 2,GT. Accra zone 2 | 0 | GT. Accra zone 2 | 0 | GT. Accra zone 2 | 0 | GT. Accra zone 2 | 0 | GT. Accra zone 2 | 0 | GT. Accra zone 2 | 0.0 | GT. Accra zone 2 | 0 | GT. Accra zone 2 | 0 | GT. Accra zone 2 | 0 | GT. Accra zone 2 | 0 | GT. Accra zone 2 | 0 | GT. Accra zone 2 | 0
EV. FUND,EVANGELICAL,145,Eastern zone A | Eastern zone A | Eastern zone A | Eastern zone A | Eastern zone A | Eastern zone A | Eastern zone A | Eastern zone A | Eastern zone A | Eastern zone A | Eastern zone A | Eastern zone A,Eastern zone A | 0 | Eastern zone A | 0 | Eastern zone A | 0 | Eastern zone A | 0 | Eastern zone A | 0 | Eastern zone A | 0.0 | Eastern zone A | 0 | Eastern zone A | 0 | Eastern zone A | 0 | Eastern zone A | 0 | Eastern zone A | 0 | Eastern zone A | 0
EV. FUND,EVANGELICAL,146,Eastern zone B | Eastern zone B | Eastern zone B | Eastern zone B | Eastern zone B | Eastern zone B | Eastern zone B | Eastern zone B | Eastern zone B | Eastern zone B | Eastern zone B | Eastern zone B,Eastern zone B | 0 | Eastern zone B | 0 | Eastern zone B | 0 | Eastern zone B | 0 | Eastern zone B | 0 | Eastern zone B | 0.0 | Eastern zone B | 0 | Eastern zone B | 0 | Eastern zone B | 0 | Eastern zone B | 0 | Eastern zone B | 0 | Eastern zone B | 0
EV. FUND,EVANGELICAL,162,Region / Branch | Region / Branch | Region / Branch | Region / Branch | Region / Branch | Region / Branch | Region / Branch | Region / Branch | Region / Branch | Region / Branch | Region / Branch | Region / Branch,Region / Branch | JANUARY | Region / Branch | FEBRUARY | Region / Branch | MARCH | Region / Branch | APRIL | Region / Branch | MAY | Region / Branch | JUNE | Region / Branch | JULY | Region / Branch | AUGUST | Region / Branch | SEPTEMBER | Region / Branch | OCTOBER | Region / Branch | NOVEMBER | Region / Branch | DECEMBER
EV. FUND,EVANGELICAL,163,Zone | Zone | Zone | Zone | Zone | Zone | Zone | Zone | Zone | Zone | Zone | Zone,Greater Accra | Zone | 4th | 11th | 18 | 25 | TOTAL | Greater Accra | Zone | 1st | 8th | 15th | 22nd | TOTAL | Greater Accra | Zone | 1st | 8th | 15th | 22nd | 29th | TOTAL | Greater Accra | Zone | 5th | 12th | 19th | 26th | TOTAL | Greater Accra | Zone | 3rd | 10th | 17th | 24th | TOTAL | Greater Accra | Zone | 7TH | 14TH | 21ST | 28TH | Greater Accra | Zone | 5th | 12th | 19th | 26th | TOTAL | Greater Accra | Zone | 3RD | 10TH | 17th | 24th | 31st | TOTAL | Greater Accra | Zone | 7TH | 14TH | 21ST | 28TH | TOTAL | Greater Accra | Zone | 5th | 12th | 19th | 26th | TOTAL | Greater Accra | Zone | 2nd | 9th | 16th | 23rd | 30th | TOTAL | Greater Accra | Zone | 7th | 14th | 21st | 28th | TOTAL
EV. FUND,EVANGELICAL,164,zone 1 | zone 1 | zone 1 | zone 1 | zone 1 | zone 1 | zone 1 | zone 1 | zone 1 | zone 1 | zone 1 | zone 1,1 | Accra Newtown | zone 1 | 241 | 241 | 1.0 | Accra Newtown | zone 1 | 100 | 100 | 1.0 | Accra Newtown | zone 1 | 192 | 192 | 1.0 | Accra Newtown | zone 1 | 100 | 100 | Accra Newtown | zone 1 | 280 | 280 | Accra Newtown | zone 1 | 242 | 301 | 200 | 100 | 843.0 | Accra Newtown | zone 1 | 100 | 100 | Accra Newtown | zone 1 | 0 | Accra Newtown | zone 1 | 0 | Accra Newtown | zone 1 | 0 | Accra Newtown | zone 1 | 0 | Accra Newtown | zone 1 | 0
EV. FUND,EVANGELICAL,165,Kasoa | zone 1 | Kasoa | zone 1 | Kasoa | zone 1 | Kasoa | zone 1 | Kasoa | zone 1 | Kasoa | zone 1 | Kasoa | zone 1 | Kasoa | zone 1 | Kasoa | zone 1 | Kasoa | zone 1 | Kasoa | zone 1 | Kasoa | zone 1,2 | Kasoa | zone 1 | 0 | 2.0 | Kasoa | zone 1 | 80 | 80 | 2.0 | Kasoa | zone 1 | 200 | 200 | 2.0 | Kasoa | zone 1 | 0 | Kasoa | zone 1 | 80 | 80 | Kasoa | zone 1 | 300 | 300.0 | Kasoa | zone 1 | 0 | Kasoa | zone 1 | 0 | Kasoa | zone 1 | 0 | Kasoa | zone 1 | 0 | Kasoa | zone 1 | 0 | Kasoa | zone 1 | 0
EV. FUND,EVANGELICAL,166,zone 1 | zone 1 | zone 1 | zone 1 | zone 1 | zone 1 | zone 1 | zone 1 | zone 1 | zone 1 | zone 1 | zone 1,3 | Sapeiman | zone 1 | 0 | 3.0 | Sapeiman | zone 1 | 49 | 49 | 3.0 | Sapeiman | zone 1 | 0 | 3.0 | Sapeiman | zone 1 | 0 | Sapeiman | zone 1 | 129 | 129 | Sapeiman | zone 1 | 30 | 30.0 | Sapeiman | zone 1 | 100 | 100 | Sapeiman | zone 1 | 0 | Sapeiman | zone 1 | 0 | Sapeiman | zone 1 | 0 | Sapeiman | zone 1 | 0 | Sapeiman | zone 1 | 0
EV. FUND,EVANGELICAL,167,zone 1 | zone 1 | zone 1 | zone 1 | zone 1 | zone 1 | zone 1 | zone 1 | zone 1 | zone 1 | zone 1 | zone 1,4 | Oshuiman | zone 1 | 29 | 29 | 4.0 | Oshuiman | zone 1 | 30 | 30 | 4.0 | Oshuiman | zone 1 | 30 | 35 | 65 | 4.0 | Oshuiman | zone 1 | 29 | 29 | Oshuiman | zone 1 | 29 | 30 | 59 | Oshuiman | zone 1 | 30 | 30 | 60.0 | Oshuiman | zone 1 | 0 | Oshuiman | zone 1 | 0 | Oshuiman | zone 1 | 0 | Oshuiman | zone 1 | 0 | Oshuiman | zone 1 | 0 | Oshuiman | zone 1 | 0
EV. FUND,EVANGELICAL,168,Taifa | zone 1 | Taifa | zone 1 | Taifa | zone 1 | Taifa | zone 1 | Taifa | zone 1 | Taifa | zone 1 | Taifa | zone 1 | Taifa | zone 1 | Taifa | zone 1 | Taifa | zone 1 | Taifa | zone 1 | Taifa | zone 1,5 | Taifa | zone 1 | 55 | 55 | 5.0 | Taifa | zone 1 | 0 | 5.0 | Taifa | zone 1 | 0 | 5.0 | Taifa | zone 1 | 0 | Taifa | zone 1 | 0 | Taifa | zone 1 | 40 | 49 | 89.0 | Taifa | zone 1 | 50 | 50 | Taifa | zone 1 | 0 | Taifa | zone 1 | 0 | Taifa | zone 1 | 0 | Taifa | zone 1 | 0 | Taifa | zone 1 | 0
EV. FUND,EVANGELICAL,169,Nyanyano | zone 1 | Nyanyano | zone 1 | Nyanyano | zone 1 | Nyanyano | zone 1 | Nyanyano | zone 1 | Nyanyano | zone 1 | Nyanyano | zone 1 | Nyanyano | zone 1 | Nyanyano | zone 1 | Nyanyano | zone 1 | Nyanyano | zone 1 | Nyanyano | zone 1,6 | Nyanyano | zone 1 | 0 | 6.0 | Nyanyano | zone 1 | 20 | 20 | 6.0 | Nyanyano | zone 1 | 30 | 30 | 6.0 | Nyanyano | zone 1 | 30 | 30 | Nyanyano | zone 1 | 0 | Nyanyano | zone 1 | 30 | 30.0 | Nyanyano | zone 1 | 29 | 29 | Nyanyano | zone 1 | 0 | Nyanyano | zone 1 | 0 | Nyanyano | zone 1 | 0 | Nyanyano | zone 1 | 0 | Nyanyano | zone 1 | 0
EV. FUND,EVANGELICAL,170,Teshie | zone2 | Teshie | zone2 | Teshie | zone2 | Teshie | zone2 | Teshie | zone2 | Teshie | zone2 | Teshie | zone2 | Teshie | zone2 | Teshie | zone2 | Teshie | zone2 | Teshie | zone2 | Teshie | zone2,7 | Teshie | zone2 | 0 | 7.0 | Teshie | zone2 | 0 | 7.0 | Teshie | zone2 | 0 | 7.0 | Teshie | zone2 | 0 | Teshie | zone2 | 0 | Teshie | zone2 | 0.0 | Teshie | zone2 | 0 | Teshie | zone2 | 0 | Teshie | zone2 | 0 | Teshie | zone2 | 0 | Teshie | zone2 | 0 | Teshie | zone2 | 0
EV. FUND,EVANGELICAL,171,zone 2 | zone 2 | zone 2 | zone 2 | zone 2 | zone 2 | zone 2 | zone 2 | zone 2 | zone 2 | zone 2 | zone 2,8 | Madina | zone 2 | 30 | 40 | 70 | 8.0 | Madina | zone 2 | 74 | 25 | 25 | 124 | 8.0 | Madina | zone 2 | 10 | 43 | 76 | 129 | 8.0 | Madina | zone 2 | 83 | 83 | Madina | zone 2 | 25 | 31 | 38 | 94 | Madina | zone 2 | 36 | 30 | 38 | 104.0 | Madina | zone 2 | 30 | 49 | 79 | Madina | zone 2 | 0 | Madina | zone 2 | 0 | Madina | zone 2 | 0 | Madina | zone 2 | 0 | Madina | zone 2 | 0
EV. FUND,EVANGELICAL,172,zone 2 | zone 2 | zone 2 | zone 2 | zone 2 | zone 2 | zone 2 | zone 2 | zone 2 | zone 2 | zone 2 | zone 2,9 | Buduburam | zone 2 | 34 | 34 | 9.0 | Buduburam | zone 2 | 0 | 9.0 | Buduburam | zone 2 | 0 | 9.0 | Buduburam | zone 2 | 0 | Buduburam | zone 2 | 0 | Buduburam | zone 2 | 0.0 | Buduburam | zone 2 | 0 | Buduburam | zone 2 | 0 | Buduburam | zone 2 | 0 | Buduburam | zone 2 | 0 | Buduburam | zone 2 | 0 | Buduburam | zone 2 | 0
EV. FUND,EVANGELICAL,173,zone 2 | zone 2 | zone 2 | zone 2 | zone 2 | zone 2 | zone 2 | zone 2 | zone 2 | zone 2 | zone 2 | zone 2,10 | Mampong | zone 2 | 0 | 10.0 | Mampong | zone 2 | 0 | 10.0 | Mampong | zone 2 | 0 | 10.0 | Mampong | zone 2 | 0 | Mampong | zone 2 | 0 | Mampong | zone 2 | 0.0 | Mampong | zone 2 | 0 | Mampong | zone 2 | 0 | Mampong | zone 2 | 0 | Mampong | zone 2 | 0 | Mampong | zone 2 | 0 | Mampong | zone 2 | 0
EV. FUND,EVANGELICAL,174,Ashaiman | zone 2 | Ashaiman | zone 2 | Ashaiman | zone 2 | Ashaiman | zone 2 | Ashaiman | zone 2 | Ashaiman | zone 2 | Ashaiman | zone 2 | Ashaiman | zone 2 | Ashaiman | zone 2 | Ashaiman | zone 2 | Ashaiman | zone 2 | Ashaiman | zone 2,11 | Ashaiman | zone 2 | 24 | 24 | 11.0 | Ashaiman | zone 2 | 20 | 20 | 11.0 | Ashaiman | zone 2 | 0 | 11.0 | Ashaiman | zone 2 | 0 | Ashaiman | zone 2 | 32 | 20 | 52 | Ashaiman | zone 2 | 20 | 20.0 | Ashaiman | zone 2 | 0 | Ashaiman | zone 2 | 0 | Ashaiman | zone 2 | 0 | Ashaiman | zone 2 | 0 | Ashaiman | zone 2 | 0 | Ashaiman | zone 2 | 0
EV. FUND,EVANGELICAL,175,zone 2 | zone 2 | zone 2 | zone 2 | zone 2 | zone 2 | zone 2 | zone 2 | zone 2 | zone 2 | zone 2 | zone 2,12 | Larteh | zone 2 | 0 | 12.0 | Larteh | zone 2 | 0 | 12.0 | Larteh | zone 2 | 0 | 12.0 | Larteh | zone 2 | 0 | Larteh | zone 2 | 0 | Larteh | zone 2 | 0.0 | Larteh | zone 2 | 0 | Larteh | zone 2 | 0 | Larteh | zone 2 | 0 | Larteh | zone 2 | 0 | Larteh | zone 2 | 0 | Larteh | zone 2 | 0
EV. FUND,EVANGELICAL,176,Odorkor | zone 2 | Odorkor | zone 2 | Odorkor | zone 2 | Odorkor | zone 2 | Odorkor | zone 2 | Odorkor | zone 2 | Odorkor | zone 2 | Odorkor | zone 2 | Odorkor | zone 2 | Odorkor | zone 2 | Odorkor | zone 2 | Odorkor | zone 2,13 | Odorkor | zone 2 | 69 | 69 | 13.0 | Odorkor | zone 2 | 60 | 60 | 13.0 | Odorkor | zone 2 | 49 | 59 | 108 | 13.0 | Odorkor | zone 2 | 49 | 59 | 108 | Odorkor | zone 2 | 0 | Odorkor | zone 2 | 49 | 49 | 98.0 | Odorkor | zone 2 | 0 | Odorkor | zone 2 | 0 | Odorkor | zone 2 | 0 | Odorkor | zone 2 | 0 | Odorkor | zone 2 | 0 | Odorkor | zone 2 | 0
EV. FUND,EVANGELICAL,177,zone 2 | zone 2 | zone 2 | zone 2 | zone 2 | zone 2 | zone 2 | zone 2 | zone 2 | zone 2 | zone 2 | zone 2,14 | Achimota | zone 2 | 100 | 100 | 14.0 | Achimota | zone 2 | 150 | 150 | 14.0 | Achimota | zone 2 | 136 | 136 | 14.0 | Achimota | zone 2 | 117 | 117 | Achimota | zone 2 | 140 | 140 | Achimota | zone 2 | 106 | 106.0 | Achimota | zone 2 | 0 | Achimota | zone 2 | 0 | Achimota | zone 2 | 0 | Achimota | zone 2 | 0 | Achimota | zone 2 | 0 | Achimota | zone 2 | 0
EV. FUND,EVANGELICAL,182,Nyenkyerenease | Nyenkyerenease | Nyenkyerenease | Nyenkyerenease | Nyenkyerenease | Nyenkyerenease | Nyenkyerenease | Nyenkyerenease | Nyenkyerenease | Nyenkyerenease | Nyenkyerenease | Nyenkyerenease,17 | Nyenkyerenease | 50 | 30 | 80 | 17.0 | Nyenkyerenease | 30 | 30 | 60 | 17.0 | Nyenkyerenease | 50 | 50 | 49 | 149 | 17.0 | Nyenkyerenease | 29 | 29 | Nyenkyerenease | 39 | 51 | 90 | Nyenkyerenease | 50 | 50 | 100.0 | Nyenkyerenease | 50 | 49 | 99 | Nyenkyerenease | 0 | Nyenkyerenease | 0 | Nyenkyerenease | 0 | Nyenkyerenease | 0 | Nyenkyerenease | 0
EV. FUND,EVANGELICAL,183,Konongo | Konongo | Konongo | Konongo | Konongo | Konongo | Konongo | Konongo | Konongo | Konongo | Konongo | Konongo,18 | Konongo | 10 | 10 | 20 | 18.0 | Konongo | 15 | 15 | 18.0 | Konongo | 20 | 20 | 18.0 | Konongo | 0 | Konongo | 15 | 15 | 30 | Konongo | 35 | 35.0 | Konongo | 0 | Konongo | 0 | Konongo | 0 | Konongo | 0 | Konongo | 0 | Konongo | 0
EV. FUND,EVANGELICAL,184,Sunyani | Sunyani | Sunyani | Sunyani | Sunyani | Sunyani | Sunyani | Sunyani | Sunyani | Sunyani | Sunyani | Sunyani,19 | Sunyani | 0 | 19.0 | Sunyani | 0 | 19.0 | Sunyani | 0 | 19.0 | Sunyani | 0 | Sunyani | 0 | Sunyani | 0.0 | Sunyani | 0 | Sunyani | 0 | Sunyani | 0 | Sunyani | 0 | Sunyani | 0 | Sunyani | 0
EV. FUND,EVANGELICAL,192,Coaltar | zone A | Coaltar | zone A | Coaltar | zone A | Coaltar | zone A | Coaltar | zone A | Coaltar | zone A | Coaltar | zone A | Coaltar | zone A | Coaltar | zone A | Coaltar | zone A | Coaltar | zone A | Coaltar | zone A,26 | Coaltar | zone A | 122 | 122 | 26.0 | Coaltar | zone A | 69 | 30 | 31 | 40 | 170 | 26.0 | Coaltar | zone A | 30 | 30 | 26.0 | Coaltar | zone A | 36 | 50 | 86 | Coaltar | zone A | 130 | 130 | Coaltar | zone A | 25 | 25.0 | Coaltar | zone A | 81 | 73 | 45 | 199 | Coaltar | zone A | 0 | Coaltar | zone A | 0 | Coaltar | zone A | 0 | Coaltar | zone A | 0 | Coaltar | zone A | 0
EV. FUND,EVANGELICAL,193,Zone A | Zone A | Zone A | Zone A | Zone A | Zone A | Zone A | Zone A | Zone A | Zone A | Zone A | Zone A,27 | Tumfa | Zone A | 142 | 25 | 22 | 19 | 208 | 27.0 | Tumfa | Zone A | 20 | 20 | 27.0 | Tumfa | Zone A | 0 | 27.0 | Tumfa | Zone A | 0 | Tumfa | Zone A | 560 | 560 | Tumfa | Zone A | 0.0 | Tumfa | Zone A | 0 | Tumfa | Zone A | 0 | Tumfa | Zone A | 0 | Tumfa | Zone A | 0 | Tumfa | Zone A | 0 | Tumfa | Zone A | 0
EV. FUND,EVANGELICAL,194,zone A | zone A | zone A | zone A | zone A | zone A | zone A | zone A | zone A | zone A | zone A | zone A,28 | Otoase | zone A | 59 | 69 | 128 | 28.0 | Otoase | zone A | 39 | 39 | 28.0 | Otoase | zone A | 49 | 49 | 28.0 | Otoase | zone A | 34 | 39 | 73 | Otoase | zone A | 69 | 64 | 133 | Otoase | zone A | 39 | 49 | 88.0 | Otoase | zone A | 45 | 45 | Otoase | zone A | 0 | Otoase | zone A | 0 | Otoase | zone A | 0 | Otoase | zone A | 0 | Otoase | zone A | 0
EV. FUND,EVANGELICAL,195,zone A | zone A | zone A | zone A | zone A | zone A | zone A | zone A | zone A | zone A | zone A | zone A,29 | Nsawam | zone A | 24 | 32 | 56 | 29.0 | Nsawam | zone A | 25 | 30 | 55 | 29.0 | Nsawam | zone A | 25 | 25 | 29.0 | Nsawam | zone A | 20 | 20 | Nsawam | zone A | 24 | 72 | 96 | Nsawam | zone A | 44 | 46 | 90.0 | Nsawam | zone A | 47 | 49 | 96 | Nsawam | zone A | 0 | Nsawam | zone A | 0 | Nsawam | zone A | 0 | Nsawam | zone A | 0 | Nsawam | zone A | 0
EV. FUND,EVANGELICAL,196,zone A | zone A | zone A | zone A | zone A | zone A | zone A | zone A | zone A | zone A | zone A | zone A,30 | Suhum | zone A | 24 | 25 | 24 | 25 | 98 | 30.0 | Suhum | zone A | 0 | 30.0 | Suhum | zone A | 0 | 30.0 | Suhum | zone A | 0 | Suhum | zone A | 0 | Suhum | zone A | 99 | 40 | 139.0 | Suhum | zone A | 29 | 49 | 78 | Suhum | zone A | 0 | Suhum | zone A | 0 | Suhum | zone A | 0 | Suhum | zone A | 0 | Suhum | zone A | 0
EV. FUND,EVANGELICAL,197,zone A | zone A | zone A | zone A | zone A | zone A | zone A | zone A | zone A | zone A | zone A | zone A,31 | Asamankese | zone A | 0 | 31.0 | Asamankese | zone A | 0 | 31.0 | Asamankese | zone A | 0 | 31.0 | Asamankese | zone A | 0 | Asamankese | zone A | 0 | Asamankese | zone A | 0.0 | Asamankese | zone A | 0 | Asamankese | zone A | 0 | Asamankese | zone A | 0 | Asamankese | zone A | 0 | Asamankese | zone A | 0 | Asamankese | zone A | 0
EV. FUND,EVANGELICAL,198,zone A | zone A | zone A | zone A | zone A | zone A | zone A | zone A | zone A | zone A | zone A | zone A,32 | Marfo | zone A | 40 | 30 | 70 | 32.0 | Marfo | zone A | 43 | 30 | 73 | 32.0 | Marfo | zone A | 70 | 70 | 32.0 | Marfo | zone A | 70 | 70 | Marfo | zone A | 50 | 50 | Marfo | zone A | 0.0 | Marfo | zone A | 0 | Marfo | zone A | 0 | Marfo | zone A | 0 | Marfo | zone A | 0 | Marfo | zone A | 0 | Marfo | zone A | 0
EV. FUND,EVANGELICAL,199,zone A | zone A | zone A | zone A | zone A | zone A | zone A | zone A | zone A | zone A | zone A | zone A,33 | Amfaso | zone A | 24 | 24 | 33.0 | Amfaso | zone A | 10 | 15 | 25 | 33.0 | Anfaso | zone A | 35 | 35 | 33.0 | Anfaso | zone A | 20 | 25 | 45 | Anfaso | zone A | 20 | 24 | 40 | 84 | Anfaso | zone A | 0.0 | Anfaso | zone A | 0 | Anfaso | zone A | 0 | Anfaso | zone A | 0 | Anfaso | zone A | 0 | Anfaso | zone A | 0 | Anfaso | zone A | 0
EV. FUND,EVANGELICAL,200,Zone A | Zone A | Zone A | Zone A | Zone A | Zone A | Zone A | Zone A | Zone A | Zone A | Zone A | Zone A,34 | Adeiso | Zone A | 0 | 34.0 | Adeiso | Zone A | 0 | 34.0 | Adeiso | Zone A | 0 | 34.0 | Adeiso | Zone A | 0 | Adeiso | Zone A | 0 | Adeiso | Zone A | 40 | 40.0 | Adeiso | Zone A | 20 | 20 | Adeiso | Zone A | 0 | Adeiso | Zone A | 0 | Adeiso | Zone A | 0 | Adeiso | Zone A | 0 | Adeiso | Zone A | 0
EV. FUND,EVANGELICAL,201,Koforidua | zone A | Koforidua | zone A | Koforidua | zone A | Koforidua | zone A | Koforidua | zone A | Koforidua | zone A | Koforidua | zone A | Koforidua | zone A | Koforidua | zone A | Koforidua | zone A | Koforidua | zone A | Koforidua | zone A,35 | Koforidua | zone A | 59 | 61 | 52 | 172 | 35.0 | Koforidua | zone A | 63 | 54 | 70 | 187 | 35.0 | Koforidua | zone A | 64 | 65 | 57 | 61 | 60 | 307 | 35.0 | Koforidua | zone A | 65 | 51 | 116 | Koforidua | zone A | 70 | 70 | 63 | 65 | 268 | Koforidua | zone A | 73 | 80 | 71 | 224.0 | Koforidua | zone A | 60 | 70 | 61 | 191 | Koforidua | zone A | 0 | Koforidua | zone A | 0 | Koforidua | zone A | 0 | Koforidua | zone A | 0 | Koforidua | zone A | 0
EV. FUND,EVANGELICAL,202,zone A | zone A | zone A | zone A | zone A | zone A | zone A | zone A | zone A | zone A | zone A | zone A,36 | Effiduase | zone A | 84 | 84 | 36.0 | Effiduase | zone A | 60 | 74 | 55 | 189 | 36.0 | Effiduase | zone A | 50 | 50 | 79 | 60 | 239 | 36.0 | Effiduase | zone A | 50 | 57 | 107 | Effiduase | zone A | 60 | 70 | 50 | 180 | Effiduase | zone A | 70 | 50 | 50 | 170.0 | Effiduase | zone A | 0 | Effiduase | zone A | 0 | Effiduase | zone A | 0 | Effiduase | zone A | 0 | Effiduase | zone A | 0 | Effiduase | zone A | 0
EV. FUND,EVANGELICAL,203,zone A | zone A | zone A | zone A | zone A | zone A | zone A | zone A | zone A | zone A | zone A | zone A,37 | Owuram | zone A | 0 | 37.0 | Owuram | zone A | 0 | 37.0 | Owuram | zone A | 0 | 37.0 | Owuram | zone A | 0 | Owuram | zone A | 0 | Owuram | zone A | 0.0 | Owuram | zone A | 0 | Owuram | zone A | 0 | Owuram | zone A | 0 | Owuram | zone A | 0 | Owuram | zone A | 0 | Owuram | zone A | 0
EV. FUND,EVANGELICAL,204,zone A | zone A | zone A | zone A | zone A | zone A | zone A | zone A | zone A | zone A | zone A | zone A,38 | Amanase | zone A | 30 | 29 | 27 | 86 | 38.0 | Amanase | zone A | 20 | 30 | 29 | 79 | 38.0 | Amanase | zone A | 24 | 30 | 30 | 84 | 38.0 | Amanase | zone A | 32 | 35 | 67 | Amanase | zone A | 32 | 25 | 74 | 131 | Amanase | zone A | 24 | 38 | 15 | 77.0 | Amanase | zone A | 33 | 30 | 63 | Amanase | zone A | 0 | Amanase | zone A | 0 | Amanase | zone A | 0 | Amanase | zone A | 0 | Amanase | zone A | 0
EV. FUND,EVANGELICAL,205,zone B | zone B | zone B | zone B | zone B | zone B | zone B | zone B | zone B | zone B | zone B | zone B,39 | Gyamase | zone B | 40 | 18 | 58 | 39.0 | Gyamase | zone B | 15 | 15 | 39.0 | Gyamase | zone B | 10 | 35 | 45 | 39.0 | Gyamase | zone B | 15 | 10 | 25 | Gyamase | zone B | 15 | 25 | 20 | 60 | Gyamase | zone B | 15 | 10 | 25.0 | Gyamase | zone B | 20 | 10 | 30 | Gyamase | zone B | 0 | Gyamase | zone B | 0 | Gyamase | zone B | 0 | Gyamase | zone B | 0 | Gyamase | zone B | 0
EV. FUND,EVANGELICAL,206,zone B | zone B | zone B | zone B | zone B | zone B | zone B | zone B | zone B | zone B | zone B | zone B,40 | Ayirebi | zone B | 0 | 40.0 | Ayirebi | zone B | 0 | 40.0 | Ayirebi | zone B | 0 | 40.0 | Ayirebi | zone B | 0 | Ayirebi | zone B | 0 | Ayirebi | zone B | 0.0 | Ayirebi | zone B | 15 | 15 | Ayirebi | zone B | 0 | Ayirebi | zone B | 0 | Ayirebi | zone B | 0 | Ayirebi | zone B | 0 | Ayirebi | zone B | 0
EV. FUND,EVANGELICAL,207,zone B | zone B | zone B | zone B | zone B | zone B | zone B | zone B | zone B | zone B | zone B | zone B,41 | Anamase | zone B | 0 | 41.0 | Anamase | zone B | 0 | 41.0 | Anamase | zone B | 0 | 41.0 | Anamase | zone B | 0 | Anamase | zone B | 0 | Anamase | zone B | 0.0 | Anamase | zone B | 0 | Anamase | zone B | 0 | Anamase | zone B | 0 | Anamase | zone B | 0 | Anamase | zone B | 0 | Anamase | zone B | 0
EV. FUND,EVANGELICAL,208,zone B | zone B | zone B | zone B | zone B | zone B | zone B | zone B | zone B | zone B | zone B | zone B,42 | Anyinase | zone B | 0 | 42.0 | Anyinase | zone B | 0 | 42.0 | Anyinase | zone B | 0 | 42.0 | Anyinase | zone B | 0 | Anyinase | zone B | 0 | Anyinase | zone B | 0.0 | Anyinase | zone B | 198 | 198 | Anyinase | zone B | 0 | Anyinase | zone B | 0 | Anyinase | zone B | 0 | Anyinase | zone B | 0 | Anyinase | zone B | 0
EV. FUND,EVANGELICAL,209,zone B | zone B | zone B | zone B | zone B | zone B | zone B | zone B | zone B | zone B | zone B | zone B,43 | Akwasiho | zone B | 35 | 50 | 52 | 137 | 43.0 | Akwasiho | zone B | 50 | 52 | 50 | 152 | 43.0 | Akwasiho | zone B | 102 | 102 | 43.0 | Akwasiho | zone B | 102 | 102 | Akwasiho | zone B | 202 | 202 | Akwasiho | zone B | 202 | 202.0 | Akwasiho | zone B | 0 | Akwasiho | zone B | 0 | Akwasiho | zone B | 0 | Akwasiho | zone B | 0 | Akwasiho | zone B | 0 | Akwasiho | zone B | 0
EV. FUND,EVANGELICAL,210,Nkawkaw | zone B | Nkawkaw | zone B | Nkawkaw | zone B | Nkawkaw | zone B | Nkawkaw | zone B | Nkawkaw | zone B | Nkawkaw | zone B | Nkawkaw | zone B | Nkawkaw | zone B | Nkawkaw | zone B | Nkawkaw | zone B | Nkawkaw | zone B,44 | Nkawkaw | zone B | 99 | 148 | 247 | 44.0 | Nkawkaw | zone B | 100 | 100 | 200 | 44.0 | Nkawkaw | zone B | 100 | 100 | 44.0 | Nkawkaw | zone B | 0 | Nkawkaw | zone B | 178 | 178 | Nkawkaw | zone B | 79 | 79.0 | Nkawkaw | zone B | 0 | Nkawkaw | zone B | 0 | Nkawkaw | zone B | 0 | Nkawkaw | zone B | 0 | Nkawkaw | zone B | 0 | Nkawkaw | zone B | 0
EV. FUND,EVANGELICAL,211,zone B | zone B | zone B | zone B | zone B | zone B | zone B | zone B | zone B | zone B | zone B | zone B,45 | Akim Oda | zone B | 0 | 45.0 | Akim Oda | zone B | 198 | 198 | 45.0 | Akim Oda | zone B | 0 | 45.0 | Akim Oda | zone B | 99 | 99 | Akim Oda | zone B | 0 | Akim Oda | zone B | 0.0 | Akim Oda | zone B | 0 | Akim Oda | zone B | 0 | Akim Oda | zone B | 0 | Akim Oda | zone B | 0 | Akim Oda | zone B | 0 | Akim Oda | zone B | 0
EV. FUND,EVANGELICAL,218,Takoradi | Takoradi | Takoradi | Takoradi | Takoradi | Takoradi | Takoradi | Takoradi | Takoradi | Takoradi | Takoradi | Takoradi,50 | Takoradi | 49 | 100 | 149 | 50.0 | Takoradi | 99 | 99 | 50.0 | Takoradi | 76 | 79 | 155 | 50.0 | Takoradi | 0 | Takoradi | 0 | Takoradi | 54 | 60 | 68 | 182.0 | Takoradi | 49 | 69 | 79 | 197 | Takoradi | 0 | Takoradi | 0 | Takoradi | 0 | Takoradi | 0 | Takoradi | 0
EV. FUND,EVANGELICAL,222,Sowutuom- H/Q | Sowutuom- H/Q | Sowutuom- H/Q | Sowutuom- H/Q | Sowutuom- H/Q | Sowutuom- H/Q | Sowutuom- H/Q | Sowutuom- H/Q | Sowutuom- H/Q | Sowutuom- H/Q | Sowutuom- H/Q | Sowutuom- H/Q,54 | Sowutuom- H/Q | 380 | 530 | 910 | 54.0 | Sowutuom- H/Q | 647 | 371 | 393 | 1411 | 54.0 | Sowutuom- H/Q | 352 | 439 | 296 | 1087 | 54.0 | Sowutuom- H/Q | 340 | 569 | 909 | Sowutuom- H/Q | 313 | 475 | 460 | 417 | 1665 | Sowutuom- H/Q | 374 | 374.0 | Sowutuom- H/Q | 440 | 574 | 1014 | Sowutuom- H/Q | 0 | Sowutuom- H/Q | 0 | Sowutuom- H/Q | 0 | Sowutuom- H/Q | 0 | Sowutuom- H/Q | 0
EV. FUND,EVANGELICAL,224,GT. Accra zone 1 | GT. Accra zone 1 | GT. Accra zone 1 | GT. Accra zone 1 | GT. Accra zone 1 | GT. Accra zone 1 | GT. Accra zone 1 | GT. Accra zone 1 | GT. Accra zone 1 | GT. Accra zone 1 | GT. Accra zone 1 | GT. Accra zone 1,GT. Accra zone 1 | 0 | GT. Accra zone 1 | 200 | 200 | GT. Accra zone 1 | 0 | GT. Accra zone 1 | 0 | GT. Accra zone 1 | 0 | GT. Accra zone 1 | 0.0 | GT. Accra zone 1 | 0 | GT. Accra zone 1 | 0 | GT. Accra zone 1 | 0 | GT. Accra zone 1 | 0 | GT. Accra zone 1 | 0 | GT. Accra zone 1 | 0
EV. FUND,EVANGELICAL,225,GT. Accra zone 2 | GT. Accra zone 2 | GT. Accra zone 2 | GT. Accra zone 2 | GT. Accra zone 2 | GT. Accra zone 2 | GT. Accra zone 2 | GT. Accra zone 2 | GT. Accra zone 2 | GT. Accra zone 2 | GT. Accra zone 2 | GT. Accra zone 2,GT. Accra zone 2 | 0 | GT. Accra zone 2 | 0 | GT. Accra zone 2 | 0 | GT. Accra zone 2 | 0 | GT. Accra zone 2 | 0 | GT. Accra zone 2 | 230 | 230.0 | GT. Accra zone 2 | 0 | GT. Accra zone 2 | 0 | GT. Accra zone 2 | 0 | GT. Accra zone 2 | 0 | GT. Accra zone 2 | 0 | GT. Accra zone 2 | 0
EV. FUND,EVANGELICAL,226,Eastern zone A | Eastern zone A | Eastern zone A | Eastern zone A | Eastern zone A | Eastern zone A | Eastern zone A | Eastern zone A | Eastern zone A | Eastern zone A | Eastern zone A | Eastern zone A,Eastern zone A | 0 | Eastern zone A | 0 | Eastern zone A | 0 | Eastern zone A | 0 | Eastern zone A | 0 | Eastern zone A | 0.0 | Eastern zone A | 0 | Eastern zone A | 0 | Eastern zone A | 0 | Eastern zone A | 0 | Eastern zone A | 0 | Eastern zone A | 0
EV. FUND,EVANGELICAL,227,Eastern zone B | Eastern zone B | Eastern zone B | Eastern zone B | Eastern zone B | Eastern zone B | Eastern zone B | Eastern zone B | Eastern zone B | Eastern zone B | Eastern zone B | Eastern zone B,Eastern zone B | 0 | Eastern zone B | 0 | Eastern zone B | 0 | Eastern zone B | 0 | Eastern zone B | 0 | Eastern zone B | 0.0 | Eastern zone B | 0 | Eastern zone B | 0 | Eastern zone B | 0 | Eastern zone B | 0 | Eastern zone B | 0 | Eastern zone B | 0
